SET SQL_MODE = "NO_AUTO_VALUE_ON_ZERO";
SET time_zone = "+00:00";


/*!40101 SET @OLD_CHARACTER_SET_CLIENT=@@CHARACTER_SET_CLIENT */;
/*!40101 SET @OLD_CHARACTER_SET_RESULTS=@@CHARACTER_SET_RESULTS */;
/*!40101 SET @OLD_COLLATION_CONNECTION=@@COLLATION_CONNECTION */;
/*!40101 SET NAMES utf8 */;
--
-- Database: `sadinsai`
--




CREATE TABLE `arch_required` (
  `i-d` int(11) NOT NULL AUTO_INCREMENT,
  `ci_required_arch` int(8) NOT NULL,
  `id_tipo_arch` int(4) NOT NULL,
  `required_arch` tinyint(1) NOT NULL,
  PRIMARY KEY (`i-d`),
  KEY `id_tipo_arch` (`id_tipo_arch`),
  KEY `ci_required_arch` (`ci_required_arch`),
  CONSTRAINT `arch_required_ibfk_1` FOREIGN KEY (`ci_required_arch`) REFERENCES `personal` (`ci`) ON DELETE CASCADE ON UPDATE CASCADE,
  CONSTRAINT `arch_required_ibfk_2` FOREIGN KEY (`id_tipo_arch`) REFERENCES `tiposarch` (`id_tipo`) ON DELETE CASCADE ON UPDATE CASCADE
) ENGINE=InnoDB AUTO_INCREMENT=178 DEFAULT CHARSET=utf8mb4 COLLATE=utf8mb4_general_ci;


INSERT INTO arch_required VALUES
("1","29837187","1001","1"),
("2","29837187","1002","1"),
("3","29837187","1003","1"),
("4","29837187","1004","1"),
("5","29837187","1005","1"),
("6","29837187","1006","1"),
("7","29837187","1007","1"),
("8","29837187","1008","1"),
("9","29837187","1009","1"),
("10","29837187","1010","1"),
("11","29837187","1011","1"),
("12","29837187","1012","1"),
("13","29837187","1013","1"),
("14","29837187","1014","1"),
("15","29837187","1015","1"),
("16","29837187","1016","1"),
("17","29837187","1017","1"),
("18","29837187","1018","1"),
("19","29837187","1019","0"),
("20","29837187","1020","0"),
("21","29837187","1021","0"),
("22","29837187","1022","0"),
("23","29837187","1023","0"),
("24","29837187","1024","0"),
("25","29837187","1025","0"),
("26","29837187","1026","0"),
("27","29837187","1027","0"),
("28","29837187","1028","0"),
("29","29837187","1029","0"),
("30","29837187","1030","0"),
("31","29837187","1031","0"),
("32","29837187","1032","0"),
("33","29837187","1033","0"),
("34","29837187","1034","0"),
("35","29837187","1035","0"),
("36","29837187","1036","0"),
("37","29837187","1037","0"),
("38","29837187","1038","0"),
("39","29837187","1039","0"),
("40","29837187","1040","0"),
("41","29837187","1041","0"),
("42","29837187","1042","0"),
("43","29837187","1043","0"),
("44","29837187","1044","0"),
("45","29837187","1045","1"),
("46","30192544","1001","1"),
("47","30192544","1002","1"),
("48","30192544","1003","1"),
("49","30192544","1004","1"),
("50","30192544","1005","1"),
("51","30192544","1006","1"),
("52","30192544","1007","1"),
("53","30192544","1008","1"),
("54","30192544","1009","1"),
("55","30192544","1010","1"),
("56","30192544","1011","1"),
("57","30192544","1012","0"),
("58","30192544","1013","1"),
("59","30192544","1014","1"),
("60","30192544","1015","0"),
("61","30192544","1016","1"),
("62","30192544","1017","1"),
("63","30192544","1018","1"),
("64","30192544","1019","1"),
("65","30192544","1020","1"),
("66","30192544","1021","1"),
("67","30192544","1022","0"),
("68","30192544","1023","0"),
("69","30192544","1024","0"),
("70","30192544","1025","0"),
("71","30192544","1026","0"),
("72","30192544","1027","0"),
("73","30192544","1028","0"),
("74","30192544","1029","0"),
("75","30192544","1030","0"),
("76","30192544","1031","0"),
("77","30192544","1032","0"),
("78","30192544","1033","0"),
("79","30192544","1034","0"),
("80","30192544","1035","0"),
("81","30192544","1036","0"),
("82","30192544","1037","0"),
("83","30192544","1038","0"),
("84","30192544","1039","0"),
("85","30192544","1040","0"),
("86","30192544","1041","0"),
("87","30192544","1042","0"),
("88","30192544","1043","0"),
("89","30192544","1044","0"),
("90","30197049","1001","1"),
("91","30197049","1002","1"),
("92","30197049","1003","1"),
("93","30197049","1004","1"),
("94","30197049","1005","1"),
("95","30197049","1006","1"),
("96","30197049","1007","1"),
("97","30197049","1008","1"),
("98","30197049","1009","1"),
("99","30197049","1010","1"),
("100","30197049","1011","1");
INSERT INTO arch_required VALUES
("101","30197049","1012","1"),
("102","30197049","1013","1"),
("103","30197049","1014","1"),
("104","30197049","1015","1"),
("105","30197049","1016","1"),
("106","30197049","1017","1"),
("107","30197049","1018","1"),
("108","30197049","1019","1"),
("109","30197049","1020","1"),
("110","30197049","1021","1"),
("111","30197049","1022","1"),
("112","30197049","1023","1"),
("113","30197049","1024","1"),
("114","30197049","1025","1"),
("115","30197049","1026","1"),
("116","30197049","1027","1"),
("117","30197049","1028","1"),
("118","30197049","1029","1"),
("119","30197049","1030","1"),
("120","30197049","1031","0"),
("121","30197049","1032","0"),
("122","30197049","1033","0"),
("123","30197049","1034","0"),
("124","30197049","1035","0"),
("125","30197049","1036","0"),
("126","30197049","1037","0"),
("127","30197049","1038","0"),
("128","30197049","1039","0"),
("129","30197049","1040","0"),
("130","30197049","1041","1"),
("131","30197049","1042","1"),
("132","30197049","1043","1"),
("133","30197049","1044","1"),
("134","30197109","1001","1"),
("135","30197109","1002","1"),
("136","30197109","1003","1"),
("137","30197109","1004","1"),
("138","30197109","1005","1"),
("139","30197109","1006","1"),
("140","30197109","1007","1"),
("141","30197109","1008","1"),
("142","30197109","1009","1"),
("143","30197109","1010","0"),
("144","30197109","1011","1"),
("145","30197109","1012","0"),
("146","30197109","1013","1"),
("147","30197109","1014","1"),
("148","30197109","1015","1"),
("149","30197109","1016","1"),
("150","30197109","1017","1"),
("151","30197109","1018","1"),
("152","30197109","1019","1"),
("153","30197109","1020","1"),
("154","30197109","1021","1"),
("155","30197109","1022","0"),
("156","30197109","1023","0"),
("157","30197109","1024","0"),
("158","30197109","1025","0"),
("159","30197109","1026","0"),
("160","30197109","1027","1"),
("161","30197109","1028","1"),
("162","30197109","1029","0"),
("163","30197109","1030","1"),
("164","30197109","1031","0"),
("165","30197109","1032","0"),
("166","30197109","1033","1"),
("167","30197109","1034","1"),
("168","30197109","1035","0"),
("169","30197109","1036","0"),
("170","30197109","1037","0"),
("171","30197109","1038","0"),
("172","30197109","1039","0"),
("173","30197109","1040","0"),
("174","30197109","1041","1"),
("175","30197109","1042","1"),
("176","30197109","1043","0"),
("177","30197109","1044","1");




CREATE TABLE `archidata` (
  `id_archivo` varchar(12) NOT NULL,
  `ci_arch` int(8) NOT NULL,
  `d_archivo` varchar(200) NOT NULL,
  `nombre_arch` varchar(200) NOT NULL,
  `nota` varchar(50) DEFAULT NULL,
  `size` varchar(20) NOT NULL,
  `tipo_arch` varchar(4) NOT NULL,
  `ubicacion_fis` int(11) NOT NULL,
  `responsable` varchar(20) DEFAULT NULL,
  `delete_arch` tinyint(4) DEFAULT NULL,
  PRIMARY KEY (`id_archivo`),
  KEY `ci_arch` (`ci_arch`),
  KEY `ubicacion_fis` (`ubicacion_fis`),
  CONSTRAINT `archidata_ibfk_1` FOREIGN KEY (`ci_arch`) REFERENCES `personal` (`ci`) ON DELETE CASCADE ON UPDATE CASCADE,
  CONSTRAINT `archidata_ibfk_2` FOREIGN KEY (`ubicacion_fis`) REFERENCES `direccion_direcciones` (`id_direccion`) ON DELETE CASCADE ON UPDATE CASCADE
) ENGINE=InnoDB DEFAULT CHARSET=utf8mb4 COLLATE=utf8mb4_general_ci;


INSERT INTO archidata VALUES
("32637986","29837187","../data/delete/32637986==2023-04-23 09.22.55 www.jose-aguilar.com 00023a27d4a9.jpg","2023-04-23 09.22.55 www.jose-aguilar.com 00023a27d4a9.jpg","","24565","1001","2","0","1"),
("51801969","29837187","../data/delete/51801969==2023-08-15 03.39.26 www.cvwizard.es a85f4ea4383e.png","2023-08-15 03.39.26 www.cvwizard.es a85f4ea4383e.png","","148312","1003","2","0","1");




CREATE TABLE `cargo` (
  `id_cargo` int(11) NOT NULL AUTO_INCREMENT,
  `cargo_nombre` varchar(50) NOT NULL,
  PRIMARY KEY (`id_cargo`)
) ENGINE=InnoDB AUTO_INCREMENT=5 DEFAULT CHARSET=utf8mb4 COLLATE=utf8mb4_general_ci;


INSERT INTO cargo VALUES
("1","analista"),
("2","director"),
("3","coordinador"),
("4","obrero");




CREATE TABLE `ciudades` (
  `id_ciudad` int(3) NOT NULL,
  `id_estado` int(2) NOT NULL,
  `ciudad` varchar(200) NOT NULL,
  `capital` tinyint(1) NOT NULL DEFAULT 0,
  PRIMARY KEY (`id_ciudad`),
  KEY `id_estado` (`id_estado`),
  CONSTRAINT `ciudades_ibfk_1` FOREIGN KEY (`id_estado`) REFERENCES `estados` (`id_estado`) ON DELETE CASCADE ON UPDATE CASCADE
) ENGINE=InnoDB DEFAULT CHARSET=utf8mb4 COLLATE=utf8mb4_general_ci;


INSERT INTO ciudades VALUES
("1","1","Maroa","0"),
("2","1","Puerto Ayacucho","1"),
("3","1","San Fernando de Atabapo","0"),
("4","2","Anaco","0"),
("5","2","Aragua de Barcelona","0"),
("6","2","Barcelona","1"),
("7","2","Boca de Uchire","0"),
("8","2","Cantaura","0"),
("9","2","Clarines","0"),
("10","2","El Chaparro","0"),
("11","2","El Pao Anzoátegui","0"),
("12","2","El Tigre","0"),
("13","2","El Tigrito","0"),
("14","2","Guanape","0"),
("15","2","Guanta","0"),
("16","2","Lechería","0"),
("17","2","Onoto","0"),
("18","2","Pariaguán","0"),
("19","2","Píritu","0"),
("20","2","Puerto La Cruz","0"),
("21","2","Puerto Píritu","0"),
("22","2","Sabana de Uchire","0"),
("23","2","San Mateo Anzoátegui","0"),
("24","2","San Pablo Anzoátegui","0"),
("25","2","San Tomé","0"),
("26","2","Santa Ana de Anzoátegui","0"),
("27","2","Santa Fe Anzoátegui","0"),
("28","2","Santa Rosa","0"),
("29","2","Soledad","0"),
("30","2","Urica","0"),
("31","2","Valle de Guanape","0"),
("43","3","Achaguas","0"),
("44","3","Biruaca","0"),
("45","3","Bruzual","0"),
("46","3","El Amparo","0"),
("47","3","El Nula","0"),
("48","3","Elorza","0"),
("49","3","Guasdualito","0"),
("50","3","Mantecal","0"),
("51","3","Puerto Páez","0"),
("52","3","San Fernando de Apure","1"),
("53","3","San Juan de Payara","0"),
("54","4","Barbacoas","0"),
("55","4","Cagua","0"),
("56","4","Camatagua","0"),
("58","4","Choroní","0"),
("59","4","Colonia Tovar","0"),
("60","4","El Consejo","0"),
("61","4","La Victoria","0"),
("62","4","Las Tejerías","0"),
("63","4","Magdaleno","0"),
("64","4","Maracay","1"),
("65","4","Ocumare de La Costa","0"),
("66","4","Palo Negro","0"),
("67","4","San Casimiro","0"),
("68","4","San Mateo","0"),
("69","4","San Sebastián","0"),
("70","4","Santa Cruz de Aragua","0"),
("71","4","Tocorón","0"),
("72","4","Turmero","0"),
("73","4","Villa de Cura","0"),
("74","4","Zuata","0"),
("75","5","Barinas","1"),
("76","5","Barinitas","0"),
("77","5","Barrancas","0"),
("78","5","Calderas","0"),
("79","5","Capitanejo","0"),
("80","5","Ciudad Bolivia","0"),
("81","5","El Cantón","0"),
("82","5","Las Veguitas","0"),
("83","5","Libertad de Barinas","0"),
("84","5","Sabaneta","0"),
("85","5","Santa Bárbara de Barinas","0"),
("86","5","Socopó","0"),
("87","6","Caicara del Orinoco","0"),
("88","6","Canaima","0"),
("89","6","Ciudad Bolívar","1"),
("90","6","Ciudad Piar","0"),
("91","6","El Callao","0"),
("92","6","El Dorado","0"),
("93","6","El Manteco","0"),
("94","6","El Palmar","0"),
("95","6","El Pao","0"),
("96","6","Guasipati","0"),
("97","6","Guri","0"),
("98","6","La Paragua","0"),
("99","6","Matanzas","0"),
("100","6","Puerto Ordaz","0"),
("101","6","San Félix","0"),
("102","6","Santa Elena de Uairén","0"),
("103","6","Tumeremo","0"),
("104","6","Unare","0"),
("105","6","Upata","0"),
("106","7","Bejuma","0"),
("107","7","Belén","0"),
("108","7","Campo de Carabobo","0"),
("109","7","Canoabo","0"),
("110","7","Central Tacarigua","0"),
("111","7","Chirgua","0"),
("112","7","Ciudad Alianza","0");
INSERT INTO ciudades VALUES
("113","7","El Palito","0"),
("114","7","Guacara","0"),
("115","7","Guigue","0"),
("116","7","Las Trincheras","0"),
("117","7","Los Guayos","0"),
("118","7","Mariara","0"),
("119","7","Miranda","0"),
("120","7","Montalbán","0"),
("121","7","Morón","0"),
("122","7","Naguanagua","0"),
("123","7","Puerto Cabello","0"),
("124","7","San Joaquín","0"),
("125","7","Tocuyito","0"),
("126","7","Urama","0"),
("127","7","Valencia","1"),
("128","7","Vigirimita","0"),
("129","8","Aguirre","0"),
("130","8","Apartaderos Cojedes","0"),
("131","8","Arismendi","0"),
("132","8","Camuriquito","0"),
("133","8","El Baúl","0"),
("134","8","El Limón","0"),
("135","8","El Pao Cojedes","0"),
("136","8","El Socorro","0"),
("137","8","La Aguadita","0"),
("138","8","Las Vegas","0"),
("139","8","Libertad de Cojedes","0"),
("140","8","Mapuey","0"),
("141","8","Piñedo","0"),
("142","8","Samancito","0"),
("143","8","San Carlos","1"),
("144","8","Sucre","0"),
("145","8","Tinaco","0"),
("146","8","Tinaquillo","0"),
("147","8","Vallecito","0"),
("148","9","Tucupita","1"),
("149","24","Caracas","1"),
("150","24","El Junquito","0"),
("151","10","Adícora","0"),
("152","10","Boca de Aroa","0"),
("153","10","Cabure","0"),
("154","10","Capadare","0"),
("155","10","Capatárida","0"),
("156","10","Chichiriviche","0"),
("157","10","Churuguara","0"),
("158","10","Coro","1"),
("159","10","Cumarebo","0"),
("160","10","Dabajuro","0"),
("161","10","Judibana","0"),
("162","10","La Cruz de Taratara","0"),
("163","10","La Vela de Coro","0"),
("164","10","Los Taques","0"),
("165","10","Maparari","0"),
("166","10","Mene de Mauroa","0"),
("167","10","Mirimire","0"),
("168","10","Pedregal","0"),
("169","10","Píritu Falcón","0"),
("170","10","Pueblo Nuevo Falcón","0"),
("171","10","Puerto Cumarebo","0"),
("172","10","Punta Cardón","0"),
("173","10","Punto Fijo","0"),
("174","10","San Juan de Los Cayos","0"),
("175","10","San Luis","0"),
("176","10","Santa Ana Falcón","0"),
("177","10","Santa Cruz De Bucaral","0"),
("178","10","Tocopero","0"),
("179","10","Tocuyo de La Costa","0"),
("180","10","Tucacas","0"),
("181","10","Yaracal","0"),
("182","11","Altagracia de Orituco","0"),
("183","11","Cabruta","0"),
("184","11","Calabozo","0"),
("185","11","Camaguán","0"),
("196","11","Chaguaramas Guárico","0"),
("197","11","El Socorro","0"),
("198","11","El Sombrero","0"),
("199","11","Las Mercedes de Los Llanos","0"),
("200","11","Lezama","0"),
("201","11","Onoto","0"),
("202","11","Ortíz","0"),
("203","11","San José de Guaribe","0"),
("204","11","San Juan de Los Morros","1"),
("205","11","San Rafael de Laya","0"),
("206","11","Santa María de Ipire","0"),
("207","11","Tucupido","0"),
("208","11","Valle de La Pascua","0"),
("209","11","Zaraza","0"),
("210","12","Aguada Grande","0"),
("211","12","Atarigua","0"),
("212","12","Barquisimeto","1"),
("213","12","Bobare","0"),
("214","12","Cabudare","0"),
("215","12","Carora","0"),
("216","12","Cubiro","0"),
("217","12","Cují","0"),
("218","12","Duaca","0"),
("219","12","El Manzano","0"),
("220","12","El Tocuyo","0"),
("221","12","Guaríco","0"),
("222","12","Humocaro Alto","0");
INSERT INTO ciudades VALUES
("223","12","Humocaro Bajo","0"),
("224","12","La Miel","0"),
("225","12","Moroturo","0"),
("226","12","Quíbor","0"),
("227","12","Río Claro","0"),
("228","12","Sanare","0"),
("229","12","Santa Inés","0"),
("230","12","Sarare","0"),
("231","12","Siquisique","0"),
("232","12","Tintorero","0"),
("233","13","Apartaderos Mérida","0"),
("234","13","Arapuey","0"),
("235","13","Bailadores","0"),
("236","13","Caja Seca","0"),
("237","13","Canaguá","0"),
("238","13","Chachopo","0"),
("239","13","Chiguara","0"),
("240","13","Ejido","0"),
("241","13","El Vigía","0"),
("242","13","La Azulita","0"),
("243","13","La Playa","0"),
("244","13","Lagunillas Mérida","0"),
("245","13","Mérida","1"),
("246","13","Mesa de Bolívar","0"),
("247","13","Mucuchíes","0"),
("248","13","Mucujepe","0"),
("249","13","Mucuruba","0"),
("250","13","Nueva Bolivia","0"),
("251","13","Palmarito","0"),
("252","13","Pueblo Llano","0"),
("253","13","Santa Cruz de Mora","0"),
("254","13","Santa Elena de Arenales","0"),
("255","13","Santo Domingo","0"),
("256","13","Tabáy","0"),
("257","13","Timotes","0"),
("258","13","Torondoy","0"),
("259","13","Tovar","0"),
("260","13","Tucani","0"),
("261","13","Zea","0"),
("262","14","Araguita","0"),
("263","14","Carrizal","0"),
("264","14","Caucagua","0"),
("265","14","Chaguaramas Miranda","0"),
("266","14","Charallave","0"),
("267","14","Chirimena","0"),
("268","14","Chuspa","0"),
("269","14","Cúa","0"),
("270","14","Cupira","0"),
("271","14","Curiepe","0"),
("272","14","El Guapo","0"),
("273","14","El Jarillo","0"),
("274","14","Filas de Mariche","0"),
("275","14","Guarenas","0"),
("276","14","Guatire","0"),
("277","14","Higuerote","0"),
("278","14","Los Anaucos","0"),
("279","14","Los Teques","1"),
("280","14","Ocumare del Tuy","0"),
("281","14","Panaquire","0"),
("282","14","Paracotos","0"),
("283","14","Río Chico","0"),
("284","14","San Antonio de Los Altos","0"),
("285","14","San Diego de Los Altos","0"),
("286","14","San Fernando del Guapo","0"),
("287","14","San Francisco de Yare","0"),
("288","14","San José de Los Altos","0"),
("289","14","San José de Río Chico","0"),
("290","14","San Pedro de Los Altos","0"),
("291","14","Santa Lucía","0"),
("292","14","Santa Teresa","0"),
("293","14","Tacarigua de La Laguna","0"),
("294","14","Tacarigua de Mamporal","0"),
("295","14","Tácata","0"),
("296","14","Turumo","0"),
("297","15","Aguasay","0"),
("298","15","Aragua de Maturín","0"),
("299","15","Barrancas del Orinoco","0"),
("300","15","Caicara de Maturín","0"),
("301","15","Caripe","0"),
("302","15","Caripito","0"),
("303","15","Chaguaramal","0"),
("305","15","Chaguaramas Monagas","0"),
("307","15","El Furrial","0"),
("308","15","El Tejero","0"),
("309","15","Jusepín","0"),
("310","15","La Toscana","0"),
("311","15","Maturín","1"),
("312","15","Miraflores","0"),
("313","15","Punta de Mata","0"),
("314","15","Quiriquire","0"),
("315","15","San Antonio de Maturín","0"),
("316","15","San Vicente Monagas","0"),
("317","15","Santa Bárbara","0"),
("318","15","Temblador","0"),
("319","15","Teresen","0"),
("320","15","Uracoa","0"),
("321","16","Altagracia","0"),
("322","16","Boca de Pozo","0"),
("323","16","Boca de Río","0"),
("324","16","El Espinal","0");
INSERT INTO ciudades VALUES
("325","16","El Valle del Espíritu Santo","0"),
("326","16","El Yaque","0"),
("327","16","Juangriego","0"),
("328","16","La Asunción","1"),
("329","16","La Guardia","0"),
("330","16","Pampatar","0"),
("331","16","Porlamar","0"),
("332","16","Puerto Fermín","0"),
("333","16","Punta de Piedras","0"),
("334","16","San Francisco de Macanao","0"),
("335","16","San Juan Bautista","0"),
("336","16","San Pedro de Coche","0"),
("337","16","Santa Ana de Nueva Esparta","0"),
("338","16","Villa Rosa","0"),
("339","17","Acarigua","0"),
("340","17","Agua Blanca","0"),
("341","17","Araure","0"),
("342","17","Biscucuy","0"),
("343","17","Boconoito","0"),
("344","17","Campo Elías","0"),
("345","17","Chabasquén","0"),
("346","17","Guanare","1"),
("347","17","Guanarito","0"),
("348","17","La Aparición","0"),
("349","17","La Misión","0"),
("350","17","Mesa de Cavacas","0"),
("351","17","Ospino","0"),
("352","17","Papelón","0"),
("353","17","Payara","0"),
("354","17","Pimpinela","0"),
("355","17","Píritu de Portuguesa","0"),
("356","17","San Rafael de Onoto","0"),
("357","17","Santa Rosalía","0"),
("358","17","Turén","0"),
("359","18","Altos de Sucre","0"),
("360","18","Araya","0"),
("361","18","Cariaco","0"),
("362","18","Carúpano","0"),
("363","18","Casanay","0"),
("364","18","Cumaná","1"),
("365","18","Cumanacoa","0"),
("366","18","El Morro Puerto Santo","0"),
("367","18","El Pilar","0"),
("368","18","El Poblado","0"),
("369","18","Guaca","0"),
("370","18","Guiria","0"),
("371","18","Irapa","0"),
("372","18","Manicuare","0"),
("373","18","Mariguitar","0"),
("374","18","Río Caribe","0"),
("375","18","San Antonio del Golfo","0"),
("376","18","San José de Aerocuar","0"),
("377","18","San Vicente de Sucre","0"),
("378","18","Santa Fe de Sucre","0"),
("379","18","Tunapuy","0"),
("380","18","Yaguaraparo","0"),
("381","18","Yoco","0"),
("382","19","Abejales","0"),
("383","19","Borota","0"),
("384","19","Bramon","0"),
("385","19","Capacho","0"),
("386","19","Colón","0"),
("387","19","Coloncito","0"),
("388","19","Cordero","0"),
("389","19","El Cobre","0"),
("390","19","El Pinal","0"),
("391","19","Independencia","0"),
("392","19","La Fría","0"),
("393","19","La Grita","0"),
("394","19","La Pedrera","0"),
("395","19","La Tendida","0"),
("396","19","Las Delicias","0"),
("397","19","Las Hernández","0"),
("398","19","Lobatera","0"),
("399","19","Michelena","0"),
("400","19","Palmira","0"),
("401","19","Pregonero","0"),
("402","19","Queniquea","0"),
("403","19","Rubio","0"),
("404","19","San Antonio del Tachira","0"),
("405","19","San Cristobal","1"),
("406","19","San José de Bolívar","0"),
("407","19","San Josecito","0"),
("408","19","San Pedro del Río","0"),
("409","19","Santa Ana Táchira","0"),
("410","19","Seboruco","0"),
("411","19","Táriba","0"),
("412","19","Umuquena","0"),
("413","19","Ureña","0"),
("414","20","Batatal","0"),
("415","20","Betijoque","0"),
("416","20","Boconó","0"),
("417","20","Carache","0"),
("418","20","Chejende","0"),
("419","20","Cuicas","0"),
("420","20","El Dividive","0"),
("421","20","El Jaguito","0"),
("422","20","Escuque","0"),
("423","20","Isnotú","0"),
("424","20","Jajó","0");
INSERT INTO ciudades VALUES
("425","20","La Ceiba","0"),
("426","20","La Concepción de Trujllo","0"),
("427","20","La Mesa de Esnujaque","0"),
("428","20","La Puerta","0"),
("429","20","La Quebrada","0"),
("430","20","Mendoza Fría","0"),
("431","20","Meseta de Chimpire","0"),
("432","20","Monay","0"),
("433","20","Motatán","0"),
("434","20","Pampán","0"),
("435","20","Pampanito","0"),
("436","20","Sabana de Mendoza","0"),
("437","20","San Lázaro","0"),
("438","20","Santa Ana de Trujillo","0"),
("439","20","Tostós","0"),
("440","20","Trujillo","1"),
("441","20","Valera","0"),
("442","21","Carayaca","0"),
("443","21","Litoral","0"),
("444","25","Archipiélago Los Roques","0"),
("445","22","Aroa","0"),
("446","22","Boraure","0"),
("447","22","Campo Elías de Yaracuy","0"),
("448","22","Chivacoa","0"),
("449","22","Cocorote","0"),
("450","22","Farriar","0"),
("451","22","Guama","0"),
("452","22","Marín","0"),
("453","22","Nirgua","0"),
("454","22","Sabana de Parra","0"),
("455","22","Salom","0"),
("456","22","San Felipe","1"),
("457","22","San Pablo de Yaracuy","0"),
("458","22","Urachiche","0"),
("459","22","Yaritagua","0"),
("460","22","Yumare","0"),
("461","23","Bachaquero","0"),
("462","23","Bobures","0"),
("463","23","Cabimas","0"),
("464","23","Campo Concepción","0"),
("465","23","Campo Mara","0"),
("466","23","Campo Rojo","0"),
("467","23","Carrasquero","0"),
("468","23","Casigua","0"),
("469","23","Chiquinquirá","0"),
("470","23","Ciudad Ojeda","0"),
("471","23","El Batey","0"),
("472","23","El Carmelo","0"),
("473","23","El Chivo","0"),
("474","23","El Guayabo","0"),
("475","23","El Mene","0"),
("476","23","El Venado","0"),
("477","23","Encontrados","0"),
("478","23","Gibraltar","0"),
("479","23","Isla de Toas","0"),
("480","23","La Concepción del Zulia","0"),
("481","23","La Paz","0"),
("482","23","La Sierrita","0"),
("483","23","Lagunillas del Zulia","0"),
("484","23","Las Piedras de Perijá","0"),
("485","23","Los Cortijos","0"),
("486","23","Machiques","0"),
("487","23","Maracaibo","1"),
("488","23","Mene Grande","0"),
("489","23","Palmarejo","0"),
("490","23","Paraguaipoa","0"),
("491","23","Potrerito","0"),
("492","23","Pueblo Nuevo del Zulia","0"),
("493","23","Puertos de Altagracia","0"),
("494","23","Punta Gorda","0"),
("495","23","Sabaneta de Palma","0"),
("496","23","San Francisco","0"),
("497","23","San José de Perijá","0"),
("498","23","San Rafael del Moján","0"),
("499","23","San Timoteo","0"),
("500","23","Santa Bárbara Del Zulia","0"),
("501","23","Santa Cruz de Mara","0"),
("502","23","Santa Cruz del Zulia","0"),
("503","23","Santa Rita","0"),
("504","23","Sinamaica","0"),
("505","23","Tamare","0"),
("506","23","Tía Juana","0"),
("507","23","Villa del Rosario","0"),
("508","21","La Guaira","1"),
("509","21","Catia La Mar","0"),
("510","21","Macuto","0"),
("511","21","Naiguatá","0"),
("512","25","Archipiélago Los Monjes","0"),
("513","25","Isla La Tortuga y Cayos adyacentes","0"),
("514","25","Isla La Sola","0"),
("515","25","Islas Los Testigos","0"),
("516","25","Islas Los Frailes","0"),
("517","25","Isla La Orchila","0"),
("518","25","Archipiélago Las Aves","0"),
("519","25","Isla de Aves","0"),
("520","25","Isla La Blanquilla","0"),
("521","25","Isla de Patos","0"),
("522","25","Islas Los Hermanos","0");




CREATE TABLE `direccion_direcciones` (
  `id_direccion` int(10) NOT NULL,
  `dir_nombre` varchar(50) NOT NULL,
  PRIMARY KEY (`id_direccion`)
) ENGINE=InnoDB DEFAULT CHARSET=utf8mb4 COLLATE=utf8mb4_general_ci;


INSERT INTO direccion_direcciones VALUES
("1","Oficina de Gesti&oacute;n Administrat&iacute;va"),
("2","Recursos Humanos"),
("3","Direccion General"),
("4","Planificaci&oacute;n y Presupuesto"),
("6","Informatica"),
("7","Salud Vegetal"),
("8","Salud Animal"),
("9","Agroecolog&iacute;a"),
("10","Consultor&iacute;a Juridica");




CREATE TABLE `estados` (
  `id_estado` int(2) NOT NULL AUTO_INCREMENT,
  `estado` varchar(250) NOT NULL,
  `iso_3166-2` varchar(4) NOT NULL,
  PRIMARY KEY (`id_estado`)
) ENGINE=InnoDB AUTO_INCREMENT=26 DEFAULT CHARSET=utf8mb4 COLLATE=utf8mb4_general_ci;


INSERT INTO estados VALUES
("1","Amazonas","VE-X"),
("2","Anzo&aacute;tegui","VE-B"),
("3","Apure","VE-C"),
("4","Aragua","VE-D"),
("5","Barinas","VE-E"),
("6","Bol&icute;var","VE-F"),
("7","Carabobo","VE-G"),
("8","Cojedes","VE-H"),
("9","Delta Amacuro","VE-Y"),
("10","Falc&oacute;n","VE-I"),
("11","Gu&aacute;rico","VE-J"),
("12","Lara","VE-K"),
("13","Mérida","VE-L"),
("14","Miranda","VE-M"),
("15","Monagas","VE-N"),
("16","Nueva Esparta","VE-O"),
("17","Portuguesa","VE-P"),
("18","Sucre","VE-R"),
("19","T&aacute;chira","VE-S"),
("20","Trujillo","VE-T"),
("21","La Guaira","VE-W"),
("22","Yaracuy","VE-U"),
("23","Zulia","VE-V"),
("24","Distrito Capital","VE-A"),
("25","Dependencias Federales","VE-Z");




CREATE TABLE `municipios` (
  `id_municipio` int(3) NOT NULL AUTO_INCREMENT,
  `id_estado` int(2) NOT NULL,
  `municipio` varchar(100) NOT NULL,
  PRIMARY KEY (`id_municipio`),
  KEY `id_estado` (`id_estado`),
  CONSTRAINT `municipios_ibfk_1` FOREIGN KEY (`id_estado`) REFERENCES `estados` (`id_estado`) ON DELETE CASCADE ON UPDATE CASCADE
) ENGINE=InnoDB AUTO_INCREMENT=463 DEFAULT CHARSET=utf8mb4 COLLATE=utf8mb4_general_ci;


INSERT INTO municipios VALUES
("1","1","Alto Orinoco"),
("2","1","Atabapo"),
("3","1","Atures"),
("4","1","Autana"),
("5","1","Manapiare"),
("6","1","Maroa"),
("7","1","Río Negro"),
("8","2","Anaco"),
("9","2","Aragua"),
("10","2","Manuel Ezequiel Bruzual"),
("11","2","Diego Bautista Urbaneja"),
("12","2","Fernando Peñalver"),
("13","2","Francisco Del Carmen Carvajal"),
("14","2","General Sir Arthur McGregor"),
("15","2","Guanta"),
("16","2","Independencia"),
("17","2","José Gregorio Monagas"),
("18","2","Juan Antonio Sotillo"),
("19","2","Juan Manuel Cajigal"),
("20","2","Libertad"),
("21","2","Francisco de Miranda"),
("22","2","Pedro María Freites"),
("23","2","Píritu"),
("24","2","San José de Guanipa"),
("25","2","San Juan de Capistrano"),
("26","2","Santa Ana"),
("27","2","Simón Bolívar"),
("28","2","Simón Rodríguez"),
("29","3","Achaguas"),
("30","3","Biruaca"),
("31","3","Muñóz"),
("32","3","Páez"),
("33","3","Pedro Camejo"),
("34","3","Rómulo Gallegos"),
("35","3","San Fernando"),
("36","4","Atanasio Girardot"),
("37","4","Bolívar"),
("38","4","Camatagua"),
("39","4","Francisco Linares Alcántara"),
("40","4","José Ángel Lamas"),
("41","4","José Félix Ribas"),
("42","4","José Rafael Revenga"),
("43","4","Libertador"),
("44","4","Mario Briceño Iragorry"),
("45","4","Ocumare de la Costa de Oro"),
("46","4","San Casimiro"),
("47","4","San Sebastián"),
("48","4","Santiago Mariño"),
("49","4","Santos Michelena"),
("50","4","Sucre"),
("51","4","Tovar"),
("52","4","Urdaneta"),
("53","4","Zamora"),
("54","5","Alberto Arvelo Torrealba"),
("55","5","Andrés Eloy Blanco"),
("56","5","Antonio José de Sucre"),
("57","5","Arismendi"),
("58","5","Barinas"),
("59","5","Bolívar"),
("60","5","Cruz Paredes"),
("61","5","Ezequiel Zamora"),
("62","5","Obispos"),
("63","5","Pedraza"),
("64","5","Rojas"),
("65","5","Sosa"),
("66","6","Caroní"),
("67","6","Cedeño"),
("68","6","El Callao"),
("69","6","Gran Sabana"),
("70","6","Heres"),
("71","6","Piar"),
("72","6","Angostura (Raúl Leoni)"),
("73","6","Roscio"),
("74","6","Sifontes"),
("75","6","Sucre"),
("76","6","Padre Pedro Chien"),
("77","7","Bejuma"),
("78","7","Carlos Arvelo"),
("79","7","Diego Ibarra"),
("80","7","Guacara"),
("81","7","Juan José Mora"),
("82","7","Libertador"),
("83","7","Los Guayos"),
("84","7","Miranda"),
("85","7","Montalbán"),
("86","7","Naguanagua"),
("87","7","Puerto Cabello"),
("88","7","San Diego"),
("89","7","San Joaquín"),
("90","7","Valencia"),
("91","8","Anzoátegui"),
("92","8","Tinaquillo"),
("93","8","Girardot"),
("94","8","Lima Blanco"),
("95","8","Pao de San Juan Bautista"),
("96","8","Ricaurte"),
("97","8","Rómulo Gallegos"),
("98","8","San Carlos"),
("99","8","Tinaco"),
("100","9","Antonio Díaz");
INSERT INTO municipios VALUES
("101","9","Casacoima"),
("102","9","Pedernales"),
("103","9","Tucupita"),
("104","10","Acosta"),
("105","10","Bolívar"),
("106","10","Buchivacoa"),
("107","10","Cacique Manaure"),
("108","10","Carirubana"),
("109","10","Colina"),
("110","10","Dabajuro"),
("111","10","Democracia"),
("112","10","Falcón"),
("113","10","Federación"),
("114","10","Jacura"),
("115","10","José Laurencio Silva"),
("116","10","Los Taques"),
("117","10","Mauroa"),
("118","10","Miranda"),
("119","10","Monseñor Iturriza"),
("120","10","Palmasola"),
("121","10","Petit"),
("122","10","Píritu"),
("123","10","San Francisco"),
("124","10","Sucre"),
("125","10","Tocópero"),
("126","10","Unión"),
("127","10","Urumaco"),
("128","10","Zamora"),
("129","11","Camaguán"),
("130","11","Chaguaramas"),
("131","11","El Socorro"),
("132","11","José Félix Ribas"),
("133","11","José Tadeo Monagas"),
("134","11","Juan Germán Roscio"),
("135","11","Julián Mellado"),
("136","11","Las Mercedes"),
("137","11","Leonardo Infante"),
("138","11","Pedro Zaraza"),
("139","11","Ortíz"),
("140","11","San Gerónimo de Guayabal"),
("141","11","San José de Guaribe"),
("142","11","Santa María de Ipire"),
("143","11","Sebastián Francisco de Miranda"),
("144","12","Andrés Eloy Blanco"),
("145","12","Crespo"),
("146","12","Iribarren"),
("147","12","Jiménez"),
("148","12","Morán"),
("149","12","Palavecino"),
("150","12","Simón Planas"),
("151","12","Torres"),
("152","12","Urdaneta"),
("179","13","Alberto Adriani"),
("180","13","Andrés Bello"),
("181","13","Antonio Pinto Salinas"),
("182","13","Aricagua"),
("183","13","Arzobispo Chacón"),
("184","13","Campo Elías"),
("185","13","Caracciolo Parra Olmedo"),
("186","13","Cardenal Quintero"),
("187","13","Guaraque"),
("188","13","Julio César Salas"),
("189","13","Justo Briceño"),
("190","13","Libertador"),
("191","13","Miranda"),
("192","13","Obispo Ramos de Lora"),
("193","13","Padre Noguera"),
("194","13","Pueblo Llano"),
("195","13","Rangel"),
("196","13","Rivas Dávila"),
("197","13","Santos Marquina"),
("198","13","Sucre"),
("199","13","Tovar"),
("200","13","Tulio Febres Cordero"),
("201","13","Zea"),
("223","14","Acevedo"),
("224","14","Andrés Bello"),
("225","14","Baruta"),
("226","14","Brión"),
("227","14","Buroz"),
("228","14","Carrizal"),
("229","14","Chacao"),
("230","14","Cristóbal Rojas"),
("231","14","El Hatillo"),
("232","14","Guaicaipuro"),
("233","14","Independencia"),
("234","14","Lander"),
("235","14","Los Salias"),
("236","14","Páez"),
("237","14","Paz Castillo"),
("238","14","Pedro Gual"),
("239","14","Plaza"),
("240","14","Simón Bolívar"),
("241","14","Sucre"),
("242","14","Urdaneta"),
("243","14","Zamora"),
("258","15","Acosta"),
("259","15","Aguasay"),
("260","15","Bolívar"),
("261","15","Caripe");
INSERT INTO municipios VALUES
("262","15","Cedeño"),
("263","15","Ezequiel Zamora"),
("264","15","Libertador"),
("265","15","Maturín"),
("266","15","Piar"),
("267","15","Punceres"),
("268","15","Santa Bárbara"),
("269","15","Sotillo"),
("270","15","Uracoa"),
("271","16","Antolín del Campo"),
("272","16","Arismendi"),
("273","16","García"),
("274","16","Gómez"),
("275","16","Maneiro"),
("276","16","Marcano"),
("277","16","Mariño"),
("278","16","Península de Macanao"),
("279","16","Tubores"),
("280","16","Villalba"),
("281","16","Díaz"),
("282","17","Agua Blanca"),
("283","17","Araure"),
("284","17","Esteller"),
("285","17","Guanare"),
("286","17","Guanarito"),
("287","17","Monseñor José Vicente de Unda"),
("288","17","Ospino"),
("289","17","Páez"),
("290","17","Papelón"),
("291","17","San Genaro de Boconoíto"),
("292","17","San Rafael de Onoto"),
("293","17","Santa Rosalía"),
("294","17","Sucre"),
("295","17","Turén"),
("296","18","Andrés Eloy Blanco"),
("297","18","Andrés Mata"),
("298","18","Arismendi"),
("299","18","Benítez"),
("300","18","Bermúdez"),
("301","18","Bolívar"),
("302","18","Cajigal"),
("303","18","Cruz Salmerón Acosta"),
("304","18","Libertador"),
("305","18","Mariño"),
("306","18","Mejía"),
("307","18","Montes"),
("308","18","Ribero"),
("309","18","Sucre"),
("310","18","Valdéz"),
("341","19","Andrés Bello"),
("342","19","Antonio Rómulo Costa"),
("343","19","Ayacucho"),
("344","19","Bolívar"),
("345","19","Cárdenas"),
("346","19","Córdoba"),
("347","19","Fernández Feo"),
("348","19","Francisco de Miranda"),
("349","19","García de Hevia"),
("350","19","Guásimos"),
("351","19","Independencia"),
("352","19","Jáuregui"),
("353","19","José María Vargas"),
("354","19","Junín"),
("355","19","Libertad"),
("356","19","Libertador"),
("357","19","Lobatera"),
("358","19","Michelena"),
("359","19","Panamericano"),
("360","19","Pedro María Ureña"),
("361","19","Rafael Urdaneta"),
("362","19","Samuel Darío Maldonado"),
("363","19","San Cristóbal"),
("364","19","Seboruco"),
("365","19","Simón Rodríguez"),
("366","19","Sucre"),
("367","19","Torbes"),
("368","19","Uribante"),
("369","19","San Judas Tadeo"),
("370","20","Andrés Bello"),
("371","20","Boconó"),
("372","20","Bolívar"),
("373","20","Candelaria"),
("374","20","Carache"),
("375","20","Escuque"),
("376","20","José Felipe Márquez Cañizalez"),
("377","20","Juan Vicente Campos Elías"),
("378","20","La Ceiba"),
("379","20","Miranda"),
("380","20","Monte Carmelo"),
("381","20","Motatán"),
("382","20","Pampán"),
("383","20","Pampanito"),
("384","20","Rafael Rangel"),
("385","20","San Rafael de Carvajal"),
("386","20","Sucre"),
("387","20","Trujillo"),
("388","20","Urdaneta"),
("389","20","Valera"),
("390","21","Vargas"),
("391","22","Arístides Bastidas");
INSERT INTO municipios VALUES
("392","22","Bolívar"),
("407","22","Bruzual"),
("408","22","Cocorote"),
("409","22","Independencia"),
("410","22","José Antonio Páez"),
("411","22","La Trinidad"),
("412","22","Manuel Monge"),
("413","22","Nirgua"),
("414","22","Peña"),
("415","22","San Felipe"),
("416","22","Sucre"),
("417","22","Urachiche"),
("418","22","José Joaquín Veroes"),
("441","23","Almirante Padilla"),
("442","23","Baralt"),
("443","23","Cabimas"),
("444","23","Catatumbo"),
("445","23","Colón"),
("446","23","Francisco Javier Pulgar"),
("447","23","Páez"),
("448","23","Jesús Enrique Losada"),
("449","23","Jesús María Semprún"),
("450","23","La Cañada de Urdaneta"),
("451","23","Lagunillas"),
("452","23","Machiques de Perijá"),
("453","23","Mara"),
("454","23","Maracaibo"),
("455","23","Miranda"),
("456","23","Rosario de Perijá"),
("457","23","San Francisco"),
("458","23","Santa Rita"),
("459","23","Simón Bolívar"),
("460","23","Sucre"),
("461","23","Valmore Rodríguez"),
("462","24","Libertador");




CREATE TABLE `parroquias` (
  `id_parroquia` int(11) NOT NULL AUTO_INCREMENT,
  `id_municipio` int(11) NOT NULL,
  `parroquia` varchar(250) NOT NULL,
  PRIMARY KEY (`id_parroquia`),
  KEY `id_municipio` (`id_municipio`),
  CONSTRAINT `parroquias_ibfk_1` FOREIGN KEY (`id_municipio`) REFERENCES `municipios` (`id_municipio`) ON DELETE CASCADE ON UPDATE CASCADE
) ENGINE=InnoDB AUTO_INCREMENT=1139 DEFAULT CHARSET=utf8mb4 COLLATE=utf8mb4_general_ci;


INSERT INTO parroquias VALUES
("1","1","Alto Orinoco"),
("2","1","Huachamacare Acanaña"),
("3","1","Marawaka Toky Shamanaña"),
("4","1","Mavaka Mavaka"),
("5","1","Sierra Parima Parimabé"),
("6","2","Ucata Laja Lisa"),
("7","2","Yapacana Macuruco"),
("8","2","Caname Guarinuma"),
("9","3","Fernando Girón Tovar"),
("10","3","Luis Alberto Gómez"),
("11","3","Pahueña Limón de Parhueña"),
("12","3","Platanillal Platanillal"),
("13","4","Samariapo"),
("14","4","Sipapo"),
("15","4","Munduapo"),
("16","4","Guayapo"),
("17","5","Alto Ventuari"),
("18","5","Medio Ventuari"),
("19","5","Bajo Ventuari"),
("20","6","Victorino"),
("21","6","Comunidad"),
("22","7","Casiquiare"),
("23","7","Cocuy"),
("24","7","San Carlos de Río Negro"),
("25","7","Solano"),
("26","8","Anaco"),
("27","8","San Joaquín"),
("28","9","Cachipo"),
("29","9","Aragua de Barcelona"),
("30","11","Lechería"),
("31","11","El Morro"),
("32","12","Puerto Píritu"),
("33","12","San Miguel"),
("34","12","Sucre"),
("35","13","Valle de Guanape"),
("36","13","Santa Bárbara"),
("37","14","El Chaparro"),
("38","14","Tomás Alfaro"),
("39","14","Calatrava"),
("40","15","Guanta"),
("41","15","Chorrerón"),
("42","16","Mamo"),
("43","16","Soledad"),
("44","17","Mapire"),
("45","17","Piar"),
("46","17","Santa Clara"),
("47","17","San Diego de Cabrutica"),
("48","17","Uverito"),
("49","17","Zuata"),
("50","18","Puerto La Cruz"),
("51","18","Pozuelos"),
("52","19","Onoto"),
("53","19","San Pablo"),
("54","20","San Mateo"),
("55","20","El Carito"),
("56","20","Santa Inés"),
("57","20","La Romereña"),
("58","21","Atapirire"),
("59","21","Boca del Pao"),
("60","21","El Pao"),
("61","21","Pariaguán"),
("62","22","Cantaura"),
("63","22","Libertador"),
("64","22","Santa Rosa"),
("65","22","Urica"),
("66","23","Píritu"),
("67","23","San Francisco"),
("68","24","San José de Guanipa"),
("69","25","Boca de Uchire"),
("70","25","Boca de Chávez"),
("71","26","Pueblo Nuevo"),
("72","26","Santa Ana"),
("73","27","Bergantín"),
("74","27","Caigua"),
("75","27","El Carmen"),
("76","27","El Pilar"),
("77","27","Naricual"),
("78","27","San Crsitóbal"),
("79","28","Edmundo Barrios"),
("80","28","Miguel Otero Silva"),
("81","29","Achaguas"),
("82","29","Apurito"),
("83","29","El Yagual"),
("84","29","Guachara"),
("85","29","Mucuritas"),
("86","29","Queseras del medio"),
("87","30","Biruaca"),
("88","31","Bruzual"),
("89","31","Mantecal"),
("90","31","Quintero"),
("91","31","Rincón Hondo"),
("92","31","San Vicente"),
("93","32","Guasdualito"),
("94","32","Aramendi"),
("95","32","El Amparo"),
("96","32","San Camilo"),
("97","32","Urdaneta"),
("98","33","San Juan de Payara"),
("99","33","Codazzi"),
("100","33","Cunaviche");
INSERT INTO parroquias VALUES
("101","34","Elorza"),
("102","34","La Trinidad"),
("103","35","San Fernando"),
("104","35","El Recreo"),
("105","35","Peñalver"),
("106","35","San Rafael de Atamaica"),
("107","36","Pedro José Ovalles"),
("108","36","Joaquín Crespo"),
("109","36","José Casanova Godoy"),
("110","36","Madre María de San José"),
("111","36","Andrés Eloy Blanco"),
("112","36","Los Tacarigua"),
("113","36","Las Delicias"),
("114","36","Choroní"),
("115","37","Bolívar"),
("116","38","Camatagua"),
("117","38","Carmen de Cura"),
("118","39","Santa Rita"),
("119","39","Francisco de Miranda"),
("120","39","Moseñor Feliciano González"),
("121","40","Santa Cruz"),
("122","41","José Félix Ribas"),
("123","41","Castor Nieves Ríos"),
("124","41","Las Guacamayas"),
("125","41","Pao de Zárate"),
("126","41","Zuata"),
("127","42","José Rafael Revenga"),
("128","43","Palo Negro"),
("129","43","San Martín de Porres"),
("130","44","El Limón"),
("131","44","Caña de Azúcar"),
("132","45","Ocumare de la Costa"),
("133","46","San Casimiro"),
("134","46","Güiripa"),
("135","46","Ollas de Caramacate"),
("136","46","Valle Morín"),
("137","47","San Sebastían"),
("138","48","Turmero"),
("139","48","Arevalo Aponte"),
("140","48","Chuao"),
("141","48","Samán de Güere"),
("142","48","Alfredo Pacheco Miranda"),
("143","49","Santos Michelena"),
("144","49","Tiara"),
("145","50","Cagua"),
("146","50","Bella Vista"),
("147","51","Tovar"),
("148","52","Urdaneta"),
("149","52","Las Peñitas"),
("150","52","San Francisco de Cara"),
("151","52","Taguay"),
("152","53","Zamora"),
("153","53","Magdaleno"),
("154","53","San Francisco de Asís"),
("155","53","Valles de Tucutunemo"),
("156","53","Augusto Mijares"),
("157","54","Sabaneta"),
("158","54","Juan Antonio Rodríguez Domínguez"),
("159","55","El Cantón"),
("160","55","Santa Cruz de Guacas"),
("161","55","Puerto Vivas"),
("162","56","Ticoporo"),
("163","56","Nicolás Pulido"),
("164","56","Andrés Bello"),
("165","57","Arismendi"),
("166","57","Guadarrama"),
("167","57","La Unión"),
("168","57","San Antonio"),
("169","58","Barinas"),
("170","58","Alberto Arvelo Larriva"),
("171","58","San Silvestre"),
("172","58","Santa Inés"),
("173","58","Santa Lucía"),
("174","58","Torumos"),
("175","58","El Carmen"),
("176","58","Rómulo Betancourt"),
("177","58","Corazón de Jesús"),
("178","58","Ramón Ignacio Méndez"),
("179","58","Alto Barinas"),
("180","58","Manuel Palacio Fajardo"),
("181","58","Juan Antonio Rodríguez Domínguez"),
("182","58","Dominga Ortiz de Páez"),
("183","59","Barinitas"),
("184","59","Altamira de Cáceres"),
("185","59","Calderas"),
("186","60","Barrancas"),
("187","60","El Socorro"),
("188","60","Mazparrito"),
("189","61","Santa Bárbara"),
("190","61","Pedro Briceño Méndez"),
("191","61","Ramón Ignacio Méndez"),
("192","61","José Ignacio del Pumar"),
("193","62","Obispos"),
("194","62","Guasimitos"),
("195","62","El Real"),
("196","62","La Luz"),
("197","63","Ciudad Bolívia"),
("198","63","José Ignacio Briceño"),
("199","63","José Félix Ribas"),
("200","63","Páez");
INSERT INTO parroquias VALUES
("201","64","Libertad"),
("202","64","Dolores"),
("203","64","Santa Rosa"),
("204","64","Palacio Fajardo"),
("205","65","Ciudad de Nutrias"),
("206","65","El Regalo"),
("207","65","Puerto Nutrias"),
("208","65","Santa Catalina"),
("209","66","Cachamay"),
("210","66","Chirica"),
("211","66","Dalla Costa"),
("212","66","Once de Abril"),
("213","66","Simón Bolívar"),
("214","66","Unare"),
("215","66","Universidad"),
("216","66","Vista al Sol"),
("217","66","Pozo Verde"),
("218","66","Yocoima"),
("219","66","5 de Julio"),
("220","67","Cedeño"),
("221","67","Altagracia"),
("222","67","Ascensión Farreras"),
("223","67","Guaniamo"),
("224","67","La Urbana"),
("225","67","Pijiguaos"),
("226","68","El Callao"),
("227","69","Gran Sabana"),
("228","69","Ikabarú"),
("229","70","Catedral"),
("230","70","Zea"),
("231","70","Orinoco"),
("232","70","José Antonio Páez"),
("233","70","Marhuanta"),
("234","70","Agua Salada"),
("235","70","Vista Hermosa"),
("236","70","La Sabanita"),
("237","70","Panapana"),
("238","71","Andrés Eloy Blanco"),
("239","71","Pedro Cova"),
("240","72","Raúl Leoni"),
("241","72","Barceloneta"),
("242","72","Santa Bárbara"),
("243","72","San Francisco"),
("244","73","Roscio"),
("245","73","Salóm"),
("246","74","Sifontes"),
("247","74","Dalla Costa"),
("248","74","San Isidro"),
("249","75","Sucre"),
("250","75","Aripao"),
("251","75","Guarataro"),
("252","75","Las Majadas"),
("253","75","Moitaco"),
("254","76","Padre Pedro Chien"),
("255","76","Río Grande"),
("256","77","Bejuma"),
("257","77","Canoabo"),
("258","77","Simón Bolívar"),
("259","78","Güigüe"),
("260","78","Carabobo"),
("261","78","Tacarigua"),
("262","79","Mariara"),
("263","79","Aguas Calientes"),
("264","80","Ciudad Alianza"),
("265","80","Guacara"),
("266","80","Yagua"),
("267","81","Morón"),
("268","81","Yagua"),
("269","82","Tocuyito"),
("270","82","Independencia"),
("271","83","Los Guayos"),
("272","84","Miranda"),
("273","85","Montalbán"),
("274","86","Naguanagua"),
("275","87","Bartolomé Salóm"),
("276","87","Democracia"),
("277","87","Fraternidad"),
("278","87","Goaigoaza"),
("279","87","Juan José Flores"),
("280","87","Unión"),
("281","87","Borburata"),
("282","87","Patanemo"),
("283","88","San Diego"),
("284","89","San Joaquín"),
("285","90","Candelaria"),
("286","90","Catedral"),
("287","90","El Socorro"),
("288","90","Miguel Peña"),
("289","90","Rafael Urdaneta"),
("290","90","San Blas"),
("291","90","San José"),
("292","90","Santa Rosa"),
("293","90","Negro Primero"),
("294","91","Cojedes"),
("295","91","Juan de Mata Suárez"),
("296","92","Tinaquillo"),
("297","93","El Baúl"),
("298","93","Sucre"),
("299","94","La Aguadita"),
("300","94","Macapo");
INSERT INTO parroquias VALUES
("301","95","El Pao"),
("302","96","El Amparo"),
("303","96","Libertad de Cojedes"),
("304","97","Rómulo Gallegos"),
("305","98","San Carlos de Austria"),
("306","98","Juan Ángel Bravo"),
("307","98","Manuel Manrique"),
("308","99","General en Jefe José Laurencio Silva"),
("309","100","Curiapo"),
("310","100","Almirante Luis Brión"),
("311","100","Francisco Aniceto Lugo"),
("312","100","Manuel Renaud"),
("313","100","Padre Barral"),
("314","100","Santos de Abelgas"),
("315","101","Imataca"),
("316","101","Cinco de Julio"),
("317","101","Juan Bautista Arismendi"),
("318","101","Manuel Piar"),
("319","101","Rómulo Gallegos"),
("320","102","Pedernales"),
("321","102","Luis Beltrán Prieto Figueroa"),
("322","103","San José (Delta Amacuro)"),
("323","103","José Vidal Marcano"),
("324","103","Juan Millán"),
("325","103","Leonardo Ruíz Pineda"),
("326","103","Mariscal Antonio José de Sucre"),
("327","103","Monseñor Argimiro García"),
("328","103","San Rafael (Delta Amacuro)"),
("329","103","Virgen del Valle"),
("330","10","Clarines"),
("331","10","Guanape"),
("332","10","Sabana de Uchire"),
("333","104","Capadare"),
("334","104","La Pastora"),
("335","104","Libertador"),
("336","104","San Juan de los Cayos"),
("337","105","Aracua"),
("338","105","La Peña"),
("339","105","San Luis"),
("340","106","Bariro"),
("341","106","Borojó"),
("342","106","Capatárida"),
("343","106","Guajiro"),
("344","106","Seque"),
("345","106","Zazárida"),
("346","106","Valle de Eroa"),
("347","107","Cacique Manaure"),
("348","108","Norte"),
("349","108","Carirubana"),
("350","108","Santa Ana"),
("351","108","Urbana Punta Cardón"),
("352","109","La Vela de Coro"),
("353","109","Acurigua"),
("354","109","Guaibacoa"),
("355","109","Las Calderas"),
("356","109","Macoruca"),
("357","110","Dabajuro"),
("358","111","Agua Clara"),
("359","111","Avaria"),
("360","111","Pedregal"),
("361","111","Piedra Grande"),
("362","111","Purureche"),
("363","112","Adaure"),
("364","112","Adícora"),
("365","112","Baraived"),
("366","112","Buena Vista"),
("367","112","Jadacaquiva"),
("368","112","El Vínculo"),
("369","112","El Hato"),
("370","112","Moruy"),
("371","112","Pueblo Nuevo"),
("372","113","Agua Larga"),
("373","113","El Paují"),
("374","113","Independencia"),
("375","113","Mapararí"),
("376","114","Agua Linda"),
("377","114","Araurima"),
("378","114","Jacura"),
("379","115","Tucacas"),
("380","115","Boca de Aroa"),
("381","116","Los Taques"),
("382","116","Judibana"),
("383","117","Mene de Mauroa"),
("384","117","San Félix"),
("385","117","Casigua"),
("386","118","Guzmán Guillermo"),
("387","118","Mitare"),
("388","118","Río Seco"),
("389","118","Sabaneta"),
("390","118","San Antonio"),
("391","118","San Gabriel"),
("392","118","Santa Ana"),
("393","119","Boca del Tocuyo"),
("394","119","Chichiriviche"),
("395","119","Tocuyo de la Costa"),
("396","120","Palmasola"),
("397","121","Cabure"),
("398","121","Colina"),
("399","121","Curimagua"),
("400","122","San José de la Costa");
INSERT INTO parroquias VALUES
("401","122","Píritu"),
("402","123","San Francisco"),
("403","124","Sucre"),
("404","124","Pecaya"),
("405","125","Tocópero"),
("406","126","El Charal"),
("407","126","Las Vegas del Tuy"),
("408","126","Santa Cruz de Bucaral"),
("409","127","Bruzual"),
("410","127","Urumaco"),
("411","128","Puerto Cumarebo"),
("412","128","La Ciénaga"),
("413","128","La Soledad"),
("414","128","Pueblo Cumarebo"),
("415","128","Zazárida"),
("416","113","Churuguara"),
("417","129","Camaguán"),
("418","129","Puerto Miranda"),
("419","129","Uverito"),
("420","130","Chaguaramas"),
("421","131","El Socorro"),
("422","132","Tucupido"),
("423","132","San Rafael de Laya"),
("424","133","Altagracia de Orituco"),
("425","133","San Rafael de Orituco"),
("426","133","San Francisco Javier de Lezama"),
("427","133","Paso Real de Macaira"),
("428","133","Carlos Soublette"),
("429","133","San Francisco de Macaira"),
("430","133","Libertad de Orituco"),
("431","134","Cantaclaro"),
("432","134","San Juan de los Morros"),
("433","134","Parapara"),
("434","135","El Sombrero"),
("435","135","Sosa"),
("436","136","Las Mercedes"),
("437","136","Cabruta"),
("438","136","Santa Rita de Manapire"),
("439","137","Valle de la Pascua"),
("440","137","Espino"),
("441","138","San José de Unare"),
("442","138","Zaraza"),
("443","139","San José de Tiznados"),
("444","139","San Francisco de Tiznados"),
("445","139","San Lorenzo de Tiznados"),
("446","139","Ortiz"),
("447","140","Guayabal"),
("448","140","Cazorla"),
("449","141","San José de Guaribe"),
("450","141","Uveral"),
("451","142","Santa María de Ipire"),
("452","142","Altamira"),
("453","143","El Calvario"),
("454","143","El Rastro"),
("455","143","Guardatinajas"),
("456","143","Capital Urbana Calabozo"),
("457","144","Quebrada Honda de Guache"),
("458","144","Pío Tamayo"),
("459","144","Yacambú"),
("460","145","Fréitez"),
("461","145","José María Blanco"),
("462","146","Catedral"),
("463","146","Concepción"),
("464","146","El Cují"),
("465","146","Juan de Villegas"),
("466","146","Santa Rosa"),
("467","146","Tamaca"),
("468","146","Unión"),
("469","146","Aguedo Felipe Alvarado"),
("470","146","Buena Vista"),
("471","146","Juárez"),
("472","147","Juan Bautista Rodríguez"),
("473","147","Cuara"),
("474","147","Diego de Lozada"),
("475","147","Paraíso de San José"),
("476","147","San Miguel"),
("477","147","Tintorero"),
("478","147","José Bernardo Dorante"),
("479","147","Coronel Mariano Peraza "),
("480","148","Bolívar"),
("481","148","Anzoátegui"),
("482","148","Guarico"),
("483","148","Hilario Luna y Luna"),
("484","148","Humocaro Alto"),
("485","148","Humocaro Bajo"),
("486","148","La Candelaria"),
("487","148","Morán"),
("488","149","Cabudare"),
("489","149","José Gregorio Bastidas"),
("490","149","Agua Viva"),
("491","150","Sarare"),
("492","150","Buría"),
("493","150","Gustavo Vegas León"),
("494","151","Trinidad Samuel"),
("495","151","Antonio Díaz"),
("496","151","Camacaro"),
("497","151","Castañeda"),
("498","151","Cecilio Zubillaga"),
("499","151","Chiquinquirá"),
("500","151","El Blanco");
INSERT INTO parroquias VALUES
("501","151","Espinoza de los Monteros"),
("502","151","Lara"),
("503","151","Las Mercedes"),
("504","151","Manuel Morillo"),
("505","151","Montaña Verde"),
("506","151","Montes de Oca"),
("507","151","Torres"),
("508","151","Heriberto Arroyo"),
("509","151","Reyes Vargas"),
("510","151","Altagracia"),
("511","152","Siquisique"),
("512","152","Moroturo"),
("513","152","San Miguel"),
("514","152","Xaguas"),
("515","179","Presidente Betancourt"),
("516","179","Presidente Páez"),
("517","179","Presidente Rómulo Gallegos"),
("518","179","Gabriel Picón González"),
("519","179","Héctor Amable Mora"),
("520","179","José Nucete Sardi"),
("521","179","Pulido Méndez"),
("522","180","La Azulita"),
("523","181","Santa Cruz de Mora"),
("524","181","Mesa Bolívar"),
("525","181","Mesa de Las Palmas"),
("526","182","Aricagua"),
("527","182","San Antonio"),
("528","183","Canagua"),
("529","183","Capurí"),
("530","183","Chacantá"),
("531","183","El Molino"),
("532","183","Guaimaral"),
("533","183","Mucutuy"),
("534","183","Mucuchachí"),
("535","184","Fernández Peña"),
("536","184","Matriz"),
("537","184","Montalbán"),
("538","184","Acequias"),
("539","184","Jají"),
("540","184","La Mesa"),
("541","184","San José del Sur"),
("542","185","Tucaní"),
("543","185","Florencio Ramírez"),
("544","186","Santo Domingo"),
("545","186","Las Piedras"),
("546","187","Guaraque"),
("547","187","Mesa de Quintero"),
("548","187","Río Negro"),
("549","188","Arapuey"),
("550","188","Palmira"),
("551","189","San Cristóbal de Torondoy"),
("552","189","Torondoy"),
("553","190","Antonio Spinetti Dini"),
("554","190","Arias"),
("555","190","Caracciolo Parra Pérez"),
("556","190","Domingo Peña"),
("557","190","El Llano"),
("558","190","Gonzalo Picón Febres"),
("559","190","Jacinto Plaza"),
("560","190","Juan Rodríguez Suárez"),
("561","190","Lasso de la Vega"),
("562","190","Mariano Picón Salas"),
("563","190","Milla"),
("564","190","Osuna Rodríguez"),
("565","190","Sagrario"),
("566","190","El Morro"),
("567","190","Los Nevados"),
("568","191","Andrés Eloy Blanco"),
("569","191","La Venta"),
("570","191","Piñango"),
("571","191","Timotes"),
("572","192","Eloy Paredes"),
("573","192","San Rafael de Alcázar"),
("574","192","Santa Elena de Arenales"),
("575","193","Santa María de Caparo"),
("576","194","Pueblo Llano"),
("577","195","Cacute"),
("578","195","La Toma"),
("579","195","Mucuchíes"),
("580","195","Mucurubá"),
("581","195","San Rafael"),
("582","196","Gerónimo Maldonado"),
("583","196","Bailadores"),
("584","197","Tabay"),
("585","198","Chiguará"),
("586","198","Estánquez"),
("587","198","Lagunillas"),
("588","198","La Trampa"),
("589","198","Pueblo Nuevo del Sur"),
("590","198","San Juan"),
("591","199","El Amparo"),
("592","199","El Llano"),
("593","199","San Francisco"),
("594","199","Tovar"),
("595","200","Independencia"),
("596","200","María de la Concepción Palacios Blanco"),
("597","200","Nueva Bolivia"),
("598","200","Santa Apolonia"),
("599","201","Caño El Tigre"),
("600","201","Zea");
INSERT INTO parroquias VALUES
("601","223","Aragüita"),
("602","223","Arévalo González"),
("603","223","Capaya"),
("604","223","Caucagua"),
("605","223","Panaquire"),
("606","223","Ribas"),
("607","223","El Café"),
("608","223","Marizapa"),
("609","224","Cumbo"),
("610","224","San José de Barlovento"),
("611","225","El Cafetal"),
("612","225","Las Minas"),
("613","225","Nuestra Señora del Rosario"),
("614","226","Higuerote"),
("615","226","Curiepe"),
("616","226","Tacarigua de Brión"),
("617","227","Mamporal"),
("618","228","Carrizal"),
("619","229","Chacao"),
("620","230","Charallave"),
("621","230","Las Brisas"),
("622","231","El Hatillo"),
("623","232","Altagracia de la Montaña"),
("624","232","Cecilio Acosta"),
("625","232","Los Teques"),
("626","232","El Jarillo"),
("627","232","San Pedro"),
("628","232","Tácata"),
("629","232","Paracotos"),
("630","233","Cartanal"),
("631","233","Santa Teresa del Tuy"),
("632","234","La Democracia"),
("633","234","Ocumare del Tuy"),
("634","234","Santa Bárbara"),
("635","235","San Antonio de los Altos"),
("636","236","Río Chico"),
("637","236","El Guapo"),
("638","236","Tacarigua de la Laguna"),
("639","236","Paparo"),
("640","236","San Fernando del Guapo"),
("641","237","Santa Lucía del Tuy"),
("642","238","Cúpira"),
("643","238","Machurucuto"),
("644","239","Guarenas"),
("645","240","San Antonio de Yare"),
("646","240","San Francisco de Yare"),
("647","241","Leoncio Martínez"),
("648","241","Petare"),
("649","241","Caucagüita"),
("650","241","Filas de Mariche"),
("651","241","La Dolorita"),
("652","242","Cúa"),
("653","242","Nueva Cúa"),
("654","243","Guatire"),
("655","243","Bolívar"),
("656","258","San Antonio de Maturín"),
("657","258","San Francisco de Maturín"),
("658","259","Aguasay"),
("659","260","Caripito"),
("660","261","El Guácharo"),
("661","261","La Guanota"),
("662","261","Sabana de Piedra"),
("663","261","San Agustín"),
("664","261","Teresen"),
("665","261","Caripe"),
("666","262","Areo"),
("667","262","Capital Cedeño"),
("668","262","San Félix de Cantalicio"),
("669","262","Viento Fresco"),
("670","263","El Tejero"),
("671","263","Punta de Mata"),
("672","264","Chaguaramas"),
("673","264","Las Alhuacas"),
("674","264","Tabasca"),
("675","264","Temblador"),
("676","265","Alto de los Godos"),
("677","265","Boquerón"),
("678","265","Las Cocuizas"),
("679","265","La Cruz"),
("680","265","San Simón"),
("681","265","El Corozo"),
("682","265","El Furrial"),
("683","265","Jusepín"),
("684","265","La Pica"),
("685","265","San Vicente"),
("686","266","Aparicio"),
("687","266","Aragua de Maturín"),
("688","266","Chaguamal"),
("689","266","El Pinto"),
("690","266","Guanaguana"),
("691","266","La Toscana"),
("692","266","Taguaya"),
("693","267","Cachipo"),
("694","267","Quiriquire"),
("695","268","Santa Bárbara"),
("696","269","Barrancas"),
("697","269","Los Barrancos de Fajardo"),
("698","270","Uracoa"),
("699","271","Antolín del Campo"),
("700","272","Arismendi");
INSERT INTO parroquias VALUES
("701","273","García"),
("702","273","Francisco Fajardo"),
("703","274","Bolívar"),
("704","274","Guevara"),
("705","274","Matasiete"),
("706","274","Santa Ana"),
("707","274","Sucre"),
("708","275","Aguirre"),
("709","275","Maneiro"),
("710","276","Adrián"),
("711","276","Juan Griego"),
("712","276","Yaguaraparo"),
("713","277","Porlamar"),
("714","278","San Francisco de Macanao"),
("715","278","Boca de Río"),
("716","279","Tubores"),
("717","279","Los Baleales"),
("718","280","Vicente Fuentes"),
("719","280","Villalba"),
("720","281","San Juan Bautista"),
("721","281","Zabala"),
("722","283","Capital Araure"),
("723","283","Río Acarigua"),
("724","284","Capital Esteller"),
("725","284","Uveral"),
("726","285","Guanare"),
("727","285","Córdoba"),
("728","285","San José de la Montaña"),
("729","285","San Juan de Guanaguanare"),
("730","285","Virgen de la Coromoto"),
("731","286","Guanarito"),
("732","286","Trinidad de la Capilla"),
("733","286","Divina Pastora"),
("734","287","Monseñor José Vicente de Unda"),
("735","287","Peña Blanca"),
("736","288","Capital Ospino"),
("737","288","Aparición"),
("738","288","La Estación"),
("739","289","Páez"),
("740","289","Payara"),
("741","289","Pimpinela"),
("742","289","Ramón Peraza"),
("743","290","Papelón"),
("744","290","Caño Delgadito"),
("745","291","San Genaro de Boconoito"),
("746","291","Antolín Tovar"),
("747","292","San Rafael de Onoto"),
("748","292","Santa Fe"),
("749","292","Thermo Morles"),
("750","293","Santa Rosalía"),
("751","293","Florida"),
("752","294","Sucre"),
("753","294","Concepción"),
("754","294","San Rafael de Palo Alzado"),
("755","294","Uvencio Antonio Velásquez"),
("756","294","San José de Saguaz"),
("757","294","Villa Rosa"),
("758","295","Turén"),
("759","295","Canelones"),
("760","295","Santa Cruz"),
("761","295","San Isidro Labrador"),
("762","296","Mariño"),
("763","296","Rómulo Gallegos"),
("764","297","San José de Aerocuar"),
("765","297","Tavera Acosta"),
("766","298","Río Caribe"),
("767","298","Antonio José de Sucre"),
("768","298","El Morro de Puerto Santo"),
("769","298","Puerto Santo"),
("770","298","San Juan de las Galdonas"),
("771","299","El Pilar"),
("772","299","El Rincón"),
("773","299","General Francisco Antonio Váquez"),
("774","299","Guaraúnos"),
("775","299","Tunapuicito"),
("776","299","Unión"),
("777","300","Santa Catalina"),
("778","300","Santa Rosa"),
("779","300","Santa Teresa"),
("780","300","Bolívar"),
("781","300","Maracapana"),
("782","302","Libertad"),
("783","302","El Paujil"),
("784","302","Yaguaraparo"),
("785","303","Cruz Salmerón Acosta"),
("786","303","Chacopata"),
("787","303","Manicuare"),
("788","304","Tunapuy"),
("789","304","Campo Elías"),
("790","305","Irapa"),
("791","305","Campo Claro"),
("792","305","Maraval"),
("793","305","San Antonio de Irapa"),
("794","305","Soro"),
("795","306","Mejía"),
("796","307","Cumanacoa"),
("797","307","Arenas"),
("798","307","Aricagua"),
("799","307","Cogollar"),
("800","307","San Fernando");
INSERT INTO parroquias VALUES
("801","307","San Lorenzo"),
("802","308","Villa Frontado (Muelle de Cariaco)"),
("803","308","Catuaro"),
("804","308","Rendón"),
("805","308","San Cruz"),
("806","308","Santa María"),
("807","309","Altagracia"),
("808","309","Santa Inés"),
("809","309","Valentín Valiente"),
("810","309","Ayacucho"),
("811","309","San Juan"),
("812","309","Raúl Leoni"),
("813","309","Gran Mariscal"),
("814","310","Cristóbal Colón"),
("815","310","Bideau"),
("816","310","Punta de Piedras"),
("817","310","Güiria"),
("818","341","Andrés Bello"),
("819","342","Antonio Rómulo Costa"),
("820","343","Ayacucho"),
("821","343","Rivas Berti"),
("822","343","San Pedro del Río"),
("823","344","Bolívar"),
("824","344","Palotal"),
("825","344","General Juan Vicente Gómez"),
("826","344","Isaías Medina Angarita"),
("827","345","Cárdenas"),
("828","345","Amenodoro Ángel Lamus"),
("829","345","La Florida"),
("830","346","Córdoba"),
("831","347","Fernández Feo"),
("832","347","Alberto Adriani"),
("833","347","Santo Domingo"),
("834","348","Francisco de Miranda"),
("835","349","García de Hevia"),
("836","349","Boca de Grita"),
("837","349","José Antonio Páez"),
("838","350","Guásimos"),
("839","351","Independencia"),
("840","351","Juan Germán Roscio"),
("841","351","Román Cárdenas"),
("842","352","Jáuregui"),
("843","352","Emilio Constantino Guerrero"),
("844","352","Monseñor Miguel Antonio Salas"),
("845","353","José María Vargas"),
("846","354","Junín"),
("847","354","La Petrólea"),
("848","354","Quinimarí"),
("849","354","Bramón"),
("850","355","Libertad"),
("851","355","Cipriano Castro"),
("852","355","Manuel Felipe Rugeles"),
("853","356","Libertador"),
("854","356","Doradas"),
("855","356","Emeterio Ochoa"),
("856","356","San Joaquín de Navay"),
("857","357","Lobatera"),
("858","357","Constitución"),
("859","358","Michelena"),
("860","359","Panamericano"),
("861","359","La Palmita"),
("862","360","Pedro María Ureña"),
("863","360","Nueva Arcadia"),
("864","361","Delicias"),
("865","361","Pecaya"),
("866","362","Samuel Darío Maldonado"),
("867","362","Boconó"),
("868","362","Hernández"),
("869","363","La Concordia"),
("870","363","San Juan Bautista"),
("871","363","Pedro María Morantes"),
("872","363","San Sebastián"),
("873","363","Dr. Francisco Romero Lobo"),
("874","364","Seboruco"),
("875","365","Simón Rodríguez"),
("876","366","Sucre"),
("877","366","Eleazar López Contreras"),
("878","366","San Pablo"),
("879","367","Torbes"),
("880","368","Uribante"),
("881","368","Cárdenas"),
("882","368","Juan Pablo Peñalosa"),
("883","368","Potosí"),
("884","369","San Judas Tadeo"),
("885","370","Araguaney"),
("886","370","El Jaguito"),
("887","370","La Esperanza"),
("888","370","Santa Isabel"),
("889","371","Boconó"),
("890","371","El Carmen"),
("891","371","Mosquey"),
("892","371","Ayacucho"),
("893","371","Burbusay"),
("894","371","General Ribas"),
("895","371","Guaramacal"),
("896","371","Vega de Guaramacal"),
("897","371","Monseñor Jáuregui"),
("898","371","Rafael Rangel"),
("899","371","San Miguel"),
("900","371","San José");
INSERT INTO parroquias VALUES
("901","372","Sabana Grande"),
("902","372","Cheregüé"),
("903","372","Granados"),
("904","373","Arnoldo Gabaldón"),
("905","373","Bolivia"),
("906","373","Carrillo"),
("907","373","Cegarra"),
("908","373","Chejendé"),
("909","373","Manuel Salvador Ulloa"),
("910","373","San José"),
("911","374","Carache"),
("912","374","La Concepción"),
("913","374","Cuicas"),
("914","374","Panamericana"),
("915","374","Santa Cruz"),
("916","375","Escuque"),
("917","375","La Unión"),
("918","375","Santa Rita"),
("919","375","Sabana Libre"),
("920","376","El Socorro"),
("921","376","Los Caprichos"),
("922","376","Antonio José de Sucre"),
("923","377","Campo Elías"),
("924","377","Arnoldo Gabaldón"),
("925","378","Santa Apolonia"),
("926","378","El Progreso"),
("927","378","La Ceiba"),
("928","378","Tres de Febrero"),
("929","379","El Dividive"),
("930","379","Agua Santa"),
("931","379","Agua Caliente"),
("932","379","El Cenizo"),
("933","379","Valerita"),
("934","380","Monte Carmelo"),
("935","380","Buena Vista"),
("936","380","Santa María del Horcón"),
("937","381","Motatán"),
("938","381","El Baño"),
("939","381","Jalisco"),
("940","382","Pampán"),
("941","382","Flor de Patria"),
("942","382","La Paz"),
("943","382","Santa Ana"),
("944","383","Pampanito"),
("945","383","La Concepción"),
("946","383","Pampanito II"),
("947","384","Betijoque"),
("948","384","José Gregorio Hernández"),
("949","384","La Pueblita"),
("950","384","Los Cedros"),
("951","385","Carvajal"),
("952","385","Campo Alegre"),
("953","385","Antonio Nicolás Briceño"),
("954","385","José Leonardo Suárez"),
("955","386","Sabana de Mendoza"),
("956","386","Junín"),
("957","386","Valmore Rodríguez"),
("958","386","El Paraíso"),
("959","387","Andrés Linares"),
("960","387","Chiquinquirá"),
("961","387","Cristóbal Mendoza"),
("962","387","Cruz Carrillo"),
("963","387","Matriz"),
("964","387","Monseñor Carrillo"),
("965","387","Tres Esquinas"),
("966","388","Cabimbú"),
("967","388","Jajó"),
("968","388","La Mesa de Esnujaque"),
("969","388","Santiago"),
("970","388","Tuñame"),
("971","388","La Quebrada"),
("972","389","Juan Ignacio Montilla"),
("973","389","La Beatriz"),
("974","389","La Puerta"),
("975","389","Mendoza del Valle de Momboy"),
("976","389","Mercedes Díaz"),
("977","389","San Luis"),
("978","390","Caraballeda"),
("979","390","Carayaca"),
("980","390","Carlos Soublette"),
("981","390","Caruao Chuspa"),
("982","390","Catia La Mar"),
("983","390","El Junko"),
("984","390","La Guaira"),
("985","390","Macuto"),
("986","390","Maiquetía"),
("987","390","Naiguatá"),
("988","390","Urimare"),
("989","391","Arístides Bastidas"),
("990","392","Bolívar"),
("991","407","Chivacoa"),
("992","407","Campo Elías"),
("993","408","Cocorote"),
("994","409","Independencia"),
("995","410","José Antonio Páez"),
("996","411","La Trinidad"),
("997","412","Manuel Monge"),
("998","413","Salóm"),
("999","413","Temerla"),
("1000","413","Nirgua");
INSERT INTO parroquias VALUES
("1001","414","San Andrés"),
("1002","414","Yaritagua"),
("1003","415","San Javier"),
("1004","415","Albarico"),
("1005","415","San Felipe"),
("1006","416","Sucre"),
("1007","417","Urachiche"),
("1008","418","El Guayabo"),
("1009","418","Farriar"),
("1010","441","Isla de Toas"),
("1011","441","Monagas"),
("1012","442","San Timoteo"),
("1013","442","General Urdaneta"),
("1014","442","Libertador"),
("1015","442","Marcelino Briceño"),
("1016","442","Pueblo Nuevo"),
("1017","442","Manuel Guanipa Matos"),
("1018","443","Ambrosio"),
("1019","443","Carmen Herrera"),
("1020","443","La Rosa"),
("1021","443","Germán Ríos Linares"),
("1022","443","San Benito"),
("1023","443","Rómulo Betancourt"),
("1024","443","Jorge Hernández"),
("1025","443","Punta Gorda"),
("1026","443","Arístides Calvani"),
("1027","444","Encontrados"),
("1028","444","Udón Pérez"),
("1029","445","Moralito"),
("1030","445","San Carlos del Zulia"),
("1031","445","Santa Cruz del Zulia"),
("1032","445","Santa Bárbara"),
("1033","445","Urribarrí"),
("1034","446","Carlos Quevedo"),
("1035","446","Francisco Javier Pulgar"),
("1036","446","Simón Rodríguez"),
("1037","446","Guamo-Gavilanes"),
("1038","448","La Concepción"),
("1039","448","San José"),
("1040","448","Mariano Parra León"),
("1041","448","José Ramón Yépez"),
("1042","449","Jesús María Semprún"),
("1043","449","Barí"),
("1044","450","Concepción"),
("1045","450","Andrés Bello"),
("1046","450","Chiquinquirá"),
("1047","450","El Carmelo"),
("1048","450","Potreritos"),
("1049","451","Libertad"),
("1050","451","Alonso de Ojeda"),
("1051","451","Venezuela"),
("1052","451","Eleazar López Contreras"),
("1053","451","Campo Lara"),
("1054","452","Bartolomé de las Casas"),
("1055","452","Libertad"),
("1056","452","Río Negro"),
("1057","452","San José de Perijá"),
("1058","453","San Rafael"),
("1059","453","La Sierrita"),
("1060","453","Las Parcelas"),
("1061","453","Luis de Vicente"),
("1062","453","Monseñor Marcos Sergio Godoy"),
("1063","453","Ricaurte"),
("1064","453","Tamare"),
("1065","454","Antonio Borjas Romero"),
("1066","454","Bolívar"),
("1067","454","Cacique Mara"),
("1068","454","Carracciolo Parra Pérez"),
("1069","454","Cecilio Acosta"),
("1070","454","Cristo de Aranza"),
("1071","454","Coquivacoa"),
("1072","454","Chiquinquirá"),
("1073","454","Francisco Eugenio Bustamante"),
("1074","454","Idelfonzo Vásquez"),
("1075","454","Juana de Ávila"),
("1076","454","Luis Hurtado Higuera"),
("1077","454","Manuel Dagnino"),
("1078","454","Olegario Villalobos"),
("1079","454","Raúl Leoni"),
("1080","454","Santa Lucía"),
("1081","454","Venancio Pulgar"),
("1082","454","San Isidro"),
("1083","455","Altagracia"),
("1084","455","Faría"),
("1085","455","Ana María Campos"),
("1086","455","San Antonio"),
("1087","455","San José"),
("1088","456","Donaldo García"),
("1089","456","El Rosario"),
("1090","456","Sixto Zambrano"),
("1091","457","San Francisco"),
("1092","457","El Bajo"),
("1093","457","Domitila Flores"),
("1094","457","Francisco Ochoa"),
("1095","457","Los Cortijos"),
("1096","457","Marcial Hernández"),
("1097","458","Santa Rita"),
("1098","458","El Mene"),
("1099","458","Pedro Lucas Urribarrí"),
("1100","458","José Cenobio Urribarrí");
INSERT INTO parroquias VALUES
("1101","459","Rafael Maria Baralt"),
("1102","459","Manuel Manrique"),
("1103","459","Rafael Urdaneta"),
("1104","460","Bobures"),
("1105","460","Gibraltar"),
("1106","460","Heras"),
("1107","460","Monseñor Arturo Álvarez"),
("1108","460","Rómulo Gallegos"),
("1109","460","El Batey"),
("1110","461","Rafael Urdaneta"),
("1111","461","La Victoria"),
("1112","461","Raúl Cuenca"),
("1113","447","Sinamaica"),
("1114","447","Alta Guajira"),
("1115","447","Elías Sánchez Rubio"),
("1116","447","Guajira"),
("1117","462","Altagracia"),
("1118","462","Antímano"),
("1119","462","Caricuao"),
("1120","462","Catedral"),
("1121","462","Coche"),
("1122","462","El Junquito"),
("1123","462","El Paraíso"),
("1124","462","El Recreo"),
("1125","462","El Valle"),
("1126","462","La Candelaria"),
("1127","462","La Pastora"),
("1128","462","La Vega"),
("1129","462","Macarao"),
("1130","462","San Agustín"),
("1131","462","San Bernardino"),
("1132","462","San José"),
("1133","462","San Juan"),
("1134","462","San Pedro"),
("1135","462","Santa Rosalía"),
("1136","462","Santa Teresa"),
("1137","462","Sucre (Catia)"),
("1138","462","23 de enero");




CREATE TABLE `personal` (
  `ci` int(8) NOT NULL,
  `nombre` varchar(30) NOT NULL,
  `apellido` varchar(30) NOT NULL,
  `grado_ac` varchar(20) NOT NULL,
  `fecha_nac` date NOT NULL,
  `sexo` varchar(10) NOT NULL,
  `id_estado` int(2) NOT NULL,
  `id_ciudad` int(3) NOT NULL,
  `sede_id` int(5) NOT NULL,
  `direccion` varchar(50) NOT NULL,
  `email` varchar(50) NOT NULL,
  `telefono` varchar(11) NOT NULL,
  `cargo` varchar(2) NOT NULL,
  PRIMARY KEY (`ci`),
  KEY `sede_id` (`sede_id`),
  KEY `id_ciudad` (`id_ciudad`),
  KEY `id_estado` (`id_estado`),
  KEY `cargo` (`cargo`),
  CONSTRAINT `personal_ibfk_1` FOREIGN KEY (`sede_id`) REFERENCES `sedes` (`sede_id`) ON DELETE CASCADE ON UPDATE NO ACTION,
  CONSTRAINT `personal_ibfk_2` FOREIGN KEY (`id_estado`) REFERENCES `estados` (`id_estado`) ON DELETE CASCADE ON UPDATE CASCADE,
  CONSTRAINT `personal_ibfk_3` FOREIGN KEY (`id_ciudad`) REFERENCES `ciudades` (`id_ciudad`) ON DELETE CASCADE ON UPDATE CASCADE
) ENGINE=InnoDB DEFAULT CHARSET=utf8mb4 COLLATE=utf8mb4_general_ci;


INSERT INTO personal VALUES
("8515972","DIORA RAMONA","SUMOZA","BACHILLER  ","1964-02-06","FEMENINO","7","124","2214","CALLE MARQUEZ DEL TORO, BARRIO LAS FLORES, CASA #8","YORGELISRODRIGUEZ19@HOTMAIL.COM","04128819241","3"),
("8515979","HANZO","HAZASHI","NINJA ","1984-06-16","MASCULINO","7","117","2216","CALK","GELISLASSIG@GMAIL.COM","59865656565","4"),
("29837183","MARIN","CASTILLO","BACHILLER ","2023-09-22","MASCULINO","7","120","2215","CALLE MARQUEZ DEL TORO, BARRIO LAS FLORES, CASA #8","GELISLASSIG@GMAIL.COM","04128819241"," 4"),
("29837187","EIKER ALEJANDRO","RODRIGUEZ","04128819241      ","2002-08-02","MASCULINO","4","64","223","CALLE MARQUEZ DEL TORO, BARRIO LAS FLORES, CASA #8","RODRIGUEZEIKER08@GMAIL.COM","04128819241","2"),
("29837188","ANTONIO","SUMOZA","BACHILLER ","2023-09-06","MASCULINO","7","113","2215","CALLE MARQUEZ DEL TORO, BARRIO LAS FLORES, CASA #8","DIORASUMOZA02@GMAIL.COM","04128819241","4"),
("30192544","BARBARA","VILLEGAS","TIKTOKER ","2002-10-10","FEMENINO","4","66","22109","CARIONTE","DIORASUMOZA02@GMAIL.COM","04128819241","1"),
("30196664","MARIO","BARRIOS","NINJA ","2023-09-28","MASCULINO","10","152","22182","MARQUEZ DEL TORO, BARRIO LAS FLORES, CASA #82","YORGELISRODRIGUEZ19@HOTMAIL.COM","04128819241"," 4"),
("30197049","EMILI ANAIS ","TORRES NOMELOSE","04128855455 ","2023-06-08","FEMENINO","4","64","223","GIRARDOT ","MERCADOMARILU23@GMAIL.COM","04128855455","1"),
("30197105","MERCEDES","PERES","BACHILLER ","2023-09-07","FEMENINO","2","16","2275","CALLE MARQUEZ DEL TORO, BARRIO LAS FLORES, CASA #8","MERCADOMARILU23@GMAIL.COM","04128819241"," 2"),
("30197108","MARIA CORINA","SMITH","BACHILLER ","2023-09-19","FEMENINO","14","272","2232","CARIONTE","YORGELISRODRIGUEZ19@HOTMAIL.COM","04123564445","2"),
("30197109","VICTOR","CASTILLO","BACHILLER ","2023-09-07","MASCULINO","7","106","2215","CALLE MARQUEZ DEL TORO, BARRIO LAS FLORES, CASA #8","DIORASUMOZA02@GMAIL.COM","04128819241"," 2");




CREATE TABLE `registro` (
  `id_usuario` int(10) NOT NULL AUTO_INCREMENT,
  `ci` int(8) NOT NULL,
  `user` varchar(12) NOT NULL,
  `pass` varchar(50) NOT NULL,
  `pin` int(4) NOT NULL,
  `adp` tinyint(1) NOT NULL,
  `sesion` tinyint(1) NOT NULL,
  `active` int(1) NOT NULL,
  PRIMARY KEY (`id_usuario`),
  UNIQUE KEY `ci` (`ci`),
  UNIQUE KEY `user` (`user`),
  CONSTRAINT `registro_ibfk_1` FOREIGN KEY (`ci`) REFERENCES `personal` (`ci`) ON DELETE CASCADE ON UPDATE CASCADE
) ENGINE=InnoDB AUTO_INCREMENT=35 DEFAULT CHARSET=utf8mb4 COLLATE=utf8mb4_general_ci;


INSERT INTO registro VALUES
("29","29837187","EIKERR","mc16IoHUJqWqyjgrUmeKlXdyvkpeXU3kX8QjhSHgu-E","1122","1","1","1"),
("33","30197049","CARION","fMbaXIN0E2hYKB5mEfrYVl7nmFIkobuXjQ2edFu52Dk","1233","0","0","1"),
("34","30192544","VENEDI","eoufzfFRifmoCAG9toHDyMbEQuKU-59gxFGNcjLR0Ig","1234","1","0","2");




CREATE TABLE `registro_entrada_salida` (
  `id_usuario_init` int(10) NOT NULL,
  `fecha` datetime NOT NULL,
  `entradaSalida` tinyint(1) NOT NULL,
  `user_name` varchar(20) NOT NULL,
  KEY `id_usuario_init` (`id_usuario_init`)
) ENGINE=InnoDB DEFAULT CHARSET=utf8mb4 COLLATE=utf8mb4_general_ci;


INSERT INTO registro_entrada_salida VALUES
("29","2023-09-11 21:49:53","1",""),
("29","2023-09-11 22:03:02","0",""),
("29","2023-09-11 22:48:36","1",""),
("29","2023-09-11 22:54:18","0",""),
("29","2023-09-11 23:00:32","1",""),
("29","2023-09-11 23:05:35","0",""),
("29","2023-09-11 23:05:49","1",""),
("29","2023-09-11 23:06:01","0",""),
("29","2023-09-11 23:06:25","1",""),
("29","2023-09-11 23:06:53","0",""),
("29","2023-09-11 23:07:23","1",""),
("29","2023-09-11 23:07:50","0",""),
("29","2023-09-11 23:08:06","1",""),
("29","2023-09-11 23:10:44","0",""),
("29","2023-09-11 23:11:29","1",""),
("29","2023-09-11 23:12:30","0",""),
("29","2023-09-11 23:12:34","1",""),
("29","2023-09-11 23:12:51","0",""),
("29","2023-09-11 23:13:44","1",""),
("29","2023-09-11 23:15:46","0",""),
("29","2023-09-11 23:16:57","1",""),
("29","2023-09-11 23:17:16","0",""),
("29","2023-09-11 23:17:52","1",""),
("29","2023-09-11 23:30:52","0",""),
("29","2023-09-11 23:31:29","1",""),
("29","2023-09-11 23:34:05","0",""),
("29","2023-09-11 23:34:18","1",""),
("29","2023-09-11 23:37:04","0",""),
("29","2023-09-11 23:38:17","1",""),
("29","2023-09-11 23:41:30","0",""),
("29","2023-09-11 23:41:53","1",""),
("29","2023-09-11 23:42:33","0",""),
("29","2023-09-11 23:42:38","1",""),
("29","2023-09-11 23:44:20","0",""),
("29","2023-09-11 23:44:47","1",""),
("29","2023-09-12 00:05:46","0",""),
("29","2023-09-12 00:05:50","1",""),
("29","2023-09-12 00:07:39","0",""),
("29","2023-09-12 00:10:06","1",""),
("29","2023-09-12 00:17:36","1",""),
("29","2023-09-12 00:34:00","0",""),
("29","2023-09-12 00:34:04","1",""),
("29","2023-09-12 00:57:56","0",""),
("29","2023-09-12 00:58:00","1",""),
("29","2023-09-12 00:58:33","0",""),
("29","2023-09-12 00:59:23","1",""),
("29","2023-09-12 01:13:46","0",""),
("29","2023-09-12 11:40:02","1",""),
("29","2023-09-12 11:45:36","0",""),
("29","2023-09-12 11:52:24","1",""),
("29","2023-09-12 11:57:50","0",""),
("29","2023-09-12 11:58:51","1",""),
("29","2023-09-12 12:04:19","0",""),
("29","2023-09-12 12:08:41","1",""),
("29","2023-09-12 12:14:13","0",""),
("29","2023-09-12 12:14:57","1",""),
("29","2023-09-12 12:28:03","0",""),
("29","2023-09-12 12:28:16","1",""),
("29","2023-09-12 12:34:30","0",""),
("29","2023-09-12 12:37:24","1",""),
("29","2023-09-12 12:46:55","1",""),
("29","2023-09-12 12:53:02","0",""),
("29","2023-09-12 12:55:56","1",""),
("29","2023-09-12 13:13:55","0",""),
("29","2023-09-12 13:48:52","1","eikerr"),
("29","2023-09-12 14:35:06","0","eikerr"),
("29","2023-09-12 14:57:10","1","eikerr"),
("29","2023-09-12 15:17:31","0","eikerr"),
("29","2023-09-12 15:17:52","1","eikerr"),
("29","2023-09-12 15:25:17","0","eikerr"),
("29","2023-09-12 15:30:37","1","eikerr"),
("29","2023-09-12 15:54:12","0","eikerr"),
("29","2023-09-12 16:01:56","1","eikerr"),
("29","2023-09-12 16:11:40","0","eikerr"),
("29","2023-09-12 16:20:25","1","eikerr"),
("29","2023-09-12 16:25:36","0","eikerr"),
("29","2023-09-12 16:36:26","1","eikerr"),
("29","2023-09-12 16:41:37","0","eikerr"),
("29","2023-09-12 16:43:48","1","eikerr"),
("29","2023-09-12 16:47:47","0","eikerr"),
("29","2023-09-12 16:50:27","1","eikerr"),
("29","2023-09-12 18:49:33","0","eikerr"),
("29","2023-09-12 18:49:36","1","eikerr"),
("29","2023-09-12 18:54:55","0","eikerr"),
("29","2023-09-12 18:56:34","1","eikerr"),
("29","2023-09-12 19:01:48","0","eikerr"),
("29","2023-09-12 19:28:36","1","eikerr"),
("29","2023-09-12 19:34:07","0","eikerr"),
("29","2023-09-12 19:34:10","1","eikerr"),
("29","2023-09-12 19:42:13","0","eikerr"),
("29","2023-09-12 19:52:12","1","eikerr"),
("29","2023-09-12 20:03:00","0","eikerr"),
("29","2023-09-12 20:04:36","1","eikerr"),
("29","2023-09-12 20:10:35","0","eikerr"),
("29","2023-09-12 20:10:42","1","eikerr"),
("29","2023-09-12 20:24:55","0","eikerr"),
("29","2023-09-12 20:25:16","1","eikerr"),
("29","2023-09-12 20:59:30","0","eikerr"),
("29","2023-09-13 12:00:45","1","eikerr"),
("29","2023-09-13 12:10:29","0","eikerr");
INSERT INTO registro_entrada_salida VALUES
("29","2023-09-13 12:10:36","1","eikerr"),
("29","2023-09-13 12:13:24","1","eikerr"),
("29","2023-09-13 12:20:26","0","eikerr"),
("29","2023-09-13 12:22:01","1","eikerr"),
("29","2023-09-13 12:27:18","0","eikerr"),
("29","2023-09-13 12:40:17","1","eikerr"),
("29","2023-09-13 12:45:19","0","eikerr"),
("29","2023-09-13 12:45:44","1","eikerr"),
("29","2023-09-13 12:56:46","0","eikerr"),
("29","2023-09-13 12:57:16","1","eikerr"),
("29","2023-09-13 13:12:17","0","eikerr"),
("29","2023-09-13 13:17:21","1","eikerr"),
("29","2023-09-13 13:29:08","0","eikerr"),
("29","2023-09-13 13:30:04","1","eikerr"),
("29","2023-09-13 13:36:40","0","eikerr"),
("29","2023-09-13 13:46:14","1","eikerr"),
("29","2023-09-13 14:00:57","0","eikerr"),
("29","2023-09-13 14:01:05","1","eikerr"),
("29","2023-09-13 14:22:55","0","eikerr"),
("29","2023-09-13 14:51:32","1","eikerr"),
("29","2023-09-13 14:56:35","0","eikerr"),
("29","2023-09-13 15:23:26","1","eikerr"),
("29","2023-09-13 15:28:39","0","eikerr"),
("29","2023-09-13 15:44:05","1","eikerr"),
("29","2023-09-13 15:49:08","0","eikerr"),
("29","2023-09-13 16:20:50","1","eikerr"),
("29","2023-09-13 16:31:37","0","eikerr"),
("29","2023-09-13 16:31:40","1","eikerr"),
("29","2023-09-13 16:36:43","0","eikerr"),
("29","2023-09-13 16:46:19","1","eikerr"),
("29","2023-09-13 16:51:25","0","eikerr"),
("29","2023-09-13 16:56:47","1","eikerr"),
("29","2023-09-13 19:31:57","0","eikerr"),
("29","2023-09-13 19:32:27","1","eikerr"),
("29","2023-09-13 20:12:57","0","eikerr"),
("29","2023-09-13 20:14:23","1","eikerr"),
("29","2023-09-13 20:28:27","0","eikerr"),
("29","2023-09-13 20:29:00","1","eikerr"),
("29","2023-09-13 21:34:56","0","eikerr"),
("29","2023-09-13 21:56:07","1","eikerr"),
("29","2023-09-13 22:21:33","0","eikerr"),
("29","2023-09-13 22:21:57","1","eikerr"),
("29","2023-09-13 22:50:23","0","eikerr"),
("29","2023-09-13 23:07:38","1","eikerr"),
("29","2023-09-13 23:22:55","0","eikerr"),
("29","2023-09-13 23:30:14","1","eikerr"),
("29","2023-09-13 23:44:55","0","eikerr"),
("29","2023-09-13 23:46:18","1","eikerr"),
("29","2023-09-14 00:00:55","0","eikerr"),
("29","2023-09-14 00:07:17","1","eikerr"),
("29","2023-09-14 00:22:56","0","eikerr"),
("29","2023-09-14 00:27:59","1","eikerr"),
("29","2023-09-14 00:34:17","0","eikerr"),
("29","2023-09-14 00:44:29","1","eikerr"),
("29","2023-09-14 00:52:29","0","eikerr"),
("29","2023-09-14 01:00:35","1","eikerr"),
("29","2023-09-14 01:08:48","0","eikerr"),
("29","2023-09-14 01:26:27","1","eikerr"),
("29","2023-09-14 03:18:45","0","eikerr"),
("29","2023-09-14 03:36:53","1","eikerr"),
("29","2023-09-14 03:42:41","0","eikerr"),
("29","2023-09-14 11:54:49","1","eikerr"),
("29","2023-09-14 12:19:32","0","eikerr"),
("29","2023-09-14 12:19:41","1","eikerr"),
("29","2023-09-14 12:25:00","0","eikerr"),
("29","2023-09-14 12:27:03","1","eikerr"),
("29","2023-09-14 12:34:09","0","eikerr"),
("29","2023-09-14 12:35:31","1","eikerr"),
("29","2023-09-14 12:40:57","0","eikerr"),
("29","2023-09-14 12:42:30","1","eikerr"),
("29","2023-09-14 13:05:55","0","eikerr"),
("29","2023-09-14 22:40:01","0","eikerr"),
("29","2023-09-14 22:48:00","1","eikerr"),
("29","2023-09-14 22:54:15","0","eikerr"),
("29","2023-09-15 01:32:44","1","eikerr"),
("29","2023-09-15 01:38:04","0","eikerr"),
("29","2023-09-15 01:45:09","1","eikerr"),
("29","2023-09-15 01:53:06","0","eikerr"),
("29","2023-09-15 01:53:11","1","eikerr"),
("29","2023-09-15 01:58:46","0","eikerr"),
("29","2023-09-15 01:58:52","1","eikerr"),
("29","2023-09-15 02:14:05","0","eikerr"),
("29","2023-09-15 02:14:07","1","eikerr"),
("29","2023-09-15 02:44:28","0","eikerr"),
("29","2023-09-15 02:46:38","1","eikerr"),
("29","2023-09-15 02:58:38","0","eikerr"),
("29","2023-09-15 03:10:58","1","eikerr"),
("29","2023-09-15 03:32:26","0","eikerr"),
("29","2023-09-15 11:43:02","1","eikerr"),
("29","2023-09-15 12:00:23","0","eikerr"),
("29","2023-09-15 12:00:39","1","eikerr"),
("29","2023-09-15 12:01:44","1","eikerr"),
("29","2023-09-15 12:02:03","0","eikerr"),
("29","2023-09-15 12:02:09","1","eikerr"),
("29","2023-09-15 12:08:30","0","eikerr"),
("29","2023-09-15 12:26:49","1","eikerr"),
("29","2023-09-15 12:35:54","0","eikerr"),
("29","2023-09-15 12:39:26","1","eikerr"),
("29","2023-09-15 12:50:03","0","eikerr"),
("29","2023-09-15 12:52:58","1","eikerr");
INSERT INTO registro_entrada_salida VALUES
("29","2023-09-15 13:28:47","0","eikerr"),
("29","2023-09-15 13:29:53","1","eikerr"),
("29","2023-09-15 13:30:09","0","eikerr"),
("33","2023-09-15 13:30:14","1","CARION"),
("33","2023-09-15 13:35:50","0","CARION"),
("33","2023-09-15 13:55:13","1","CARION"),
("33","2023-09-15 14:02:17","0","CARION"),
("33","2023-09-15 14:04:04","1","CARION"),
("33","2023-09-15 14:12:00","0","CARION"),
("29","2023-09-15 14:12:04","1","eikerr"),
("29","2023-09-15 14:12:39","0","eikerr"),
("33","2023-09-15 14:12:44","1","CARION"),
("33","2023-09-15 14:21:13","0","CARION"),
("33","2023-09-15 14:25:09","1","CARION"),
("33","2023-09-15 15:13:50","0","CARION"),
("33","2023-09-15 15:17:10","1","CARION"),
("33","2023-09-15 15:20:05","0","CARION"),
("33","2023-09-15 15:20:08","1","CARION"),
("33","2023-09-15 15:20:14","0","CARION"),
("29","2023-09-15 15:20:18","1","eikerr"),
("29","2023-09-15 15:33:55","0","eikerr"),
("29","2023-09-15 16:07:34","1","eikerr"),
("29","2023-09-15 16:13:11","0","eikerr"),
("29","2023-09-15 16:20:39","1","eikerr"),
("29","2023-09-15 16:27:01","0","eikerr"),
("29","2023-09-15 17:11:34","1","eikerr"),
("29","2023-09-15 17:16:39","0","eikerr"),
("29","2023-09-15 17:27:57","1","eikerr"),
("29","2023-09-15 18:18:37","0","eikerr"),
("29","2023-09-15 18:21:35","1","eikerr"),
("29","2023-09-15 18:26:38","0","eikerr"),
("29","2023-09-15 18:28:55","1","eikerr"),
("29","2023-09-15 18:35:35","0","eikerr"),
("29","2023-09-15 18:39:26","1","eikerr"),
("29","2023-09-15 18:52:50","0","eikerr"),
("29","2023-09-15 19:01:50","1","eikerr"),
("29","2023-09-15 19:19:04","1","eikerr"),
("29","2023-09-15 19:29:08","0","eikerr"),
("29","2023-09-15 19:40:03","1","eikerr"),
("29","2023-09-15 22:01:13","0","eikerr"),
("29","2023-09-15 22:01:49","1","eikerr"),
("29","2023-09-15 22:08:46","0","eikerr"),
("29","2023-09-15 22:10:45","1","eikerr"),
("29","2023-09-15 22:24:26","0","eikerr"),
("29","2023-09-15 22:52:24","1","eikerr"),
("29","2023-09-15 23:14:11","0","eikerr"),
("29","2023-09-15 23:15:01","1","eikerr"),
("29","2023-09-15 23:17:10","0","eikerr"),
("29","2023-09-15 23:17:14","1","eikerr"),
("29","2023-09-15 23:17:27","0","eikerr"),
("33","2023-09-15 23:17:31","1","CARION"),
("33","2023-09-15 23:17:45","0","CARION"),
("33","2023-09-15 23:17:48","1","CARION"),
("33","2023-09-15 23:33:15","0","CARION"),
("29","2023-09-15 23:33:19","1","eikerr"),
("29","2023-09-15 23:40:11","0","eikerr"),
("29","2023-09-15 23:40:13","1","eikerr"),
("29","2023-09-15 23:40:28","0","eikerr"),
("33","2023-09-15 23:40:31","1","CARION"),
("33","2023-09-15 23:41:39","0","CARION"),
("29","2023-09-15 23:41:43","1","eikerr"),
("29","2023-09-15 23:50:12","0","eikerr"),
("29","2023-09-15 23:54:27","1","eikerr"),
("29","2023-09-16 00:03:32","0","eikerr"),
("29","2023-09-16 11:48:52","1","eikerr"),
("29","2023-09-16 11:54:06","0","eikerr"),
("29","2023-09-16 11:55:02","1","eikerr"),
("29","2023-09-16 14:04:44","0","eikerr"),
("29","2023-09-16 14:06:34","1","eikerr"),
("29","2023-09-16 14:24:44","0","eikerr"),
("29","2023-09-16 14:27:05","1","eikerr"),
("29","2023-09-16 14:54:24","0","eikerr"),
("29","2023-09-16 14:54:34","1","eikerr"),
("29","2023-09-16 15:08:58","0","eikerr"),
("29","2023-09-16 15:12:34","1","eikerr"),
("29","2023-09-16 15:25:09","0","eikerr"),
("29","2023-09-16 16:16:07","1","eikerr"),
("29","2023-09-16 16:30:06","0","eikerr"),
("29","2023-09-16 16:32:02","1","eikerr"),
("29","2023-09-16 16:43:50","0","eikerr"),
("29","2023-09-16 16:44:44","1","eikerr"),
("29","2023-09-16 16:49:50","0","eikerr"),
("29","2023-09-16 16:50:27","1","eikerr"),
("29","2023-09-16 16:55:48","0","eikerr"),
("29","2023-09-16 16:55:52","1","eikerr"),
("29","2023-09-16 17:14:14","0","eikerr"),
("29","2023-09-16 17:16:41","1","eikerr"),
("29","2023-09-16 17:38:42","0","eikerr"),
("29","2023-09-16 17:45:55","1","eikerr"),
("29","2023-09-16 18:17:20","0","eikerr"),
("29","2023-09-16 18:28:43","1","eikerr"),
("29","2023-09-16 19:08:48","0","eikerr"),
("29","2023-09-16 19:18:26","1","eikerr"),
("29","2023-09-16 19:44:32","0","eikerr"),
("29","2023-09-16 19:44:49","1","eikerr"),
("29","2023-09-16 19:52:18","0","eikerr"),
("29","2023-09-16 19:54:15","1","eikerr"),
("29","2023-09-16 20:17:12","0","eikerr"),
("29","2023-09-16 20:23:26","1","eikerr"),
("29","2023-09-16 20:30:54","0","eikerr");
INSERT INTO registro_entrada_salida VALUES
("29","2023-09-16 20:35:52","1","eikerr"),
("29","2023-09-16 21:11:47","0","eikerr"),
("29","2023-09-16 23:55:42","1","eikerr"),
("29","2023-09-17 00:06:03","0","eikerr"),
("29","2023-09-17 00:06:03","0","eikerr"),
("29","2023-09-17 00:06:03","0","eikerr"),
("29","2023-09-17 00:06:03","0","eikerr"),
("29","2023-09-17 00:06:03","1","eikerr"),
("29","2023-09-17 00:31:08","1","eikerr"),
("29","2023-09-17 00:46:36","0","eikerr"),
("29","2023-09-17 11:38:50","1","eikerr"),
("29","2023-09-17 11:48:49","0","eikerr"),
("29","2023-09-17 11:51:45","1","eikerr"),
("29","2023-09-17 11:56:51","0","eikerr"),
("29","2023-09-17 11:58:15","1","eikerr"),
("29","2023-09-17 12:09:18","0","eikerr"),
("29","2023-09-17 12:10:24","1","eikerr"),
("29","2023-09-17 12:34:05","0","eikerr"),
("29","2023-09-17 13:23:36","1","eikerr"),
("29","2023-09-17 13:34:05","0","eikerr"),
("29","2023-09-17 16:04:12","1","eikerr"),
("29","2023-09-17 16:09:30","0","eikerr"),
("29","2023-09-17 16:20:58","1","eikerr"),
("29","2023-09-17 16:37:58","0","eikerr"),
("33","2023-09-17 22:02:46","1","CARION"),
("33","2023-09-17 22:04:10","0","CARION"),
("29","2023-09-17 22:04:15","1","eikerr"),
("29","2023-09-17 22:30:46","0","eikerr"),
("29","2023-09-18 17:24:50","1","eikerr"),
("29","2023-09-18 17:34:44","0","eikerr"),
("29","2023-09-18 17:43:40","1","eikerr"),
("29","2023-09-18 17:48:40","0","eikerr"),
("29","2023-09-18 17:54:22","1","eikerr"),
("29","2023-09-18 17:57:45","0","eikerr"),
("29","2023-09-18 18:02:29","1","eikerr"),
("29","2023-09-18 18:11:19","0","eikerr"),
("29","2023-09-18 18:12:58","1","eikerr"),
("29","2023-09-18 18:18:18","0","eikerr"),
("29","2023-09-18 18:46:46","1","eikerr"),
("29","2023-09-18 19:05:41","0","eikerr"),
("29","2023-09-18 19:05:58","1","eikerr"),
("29","2023-09-18 19:18:09","0","eikerr"),
("29","2023-09-18 20:40:46","1","eikerr"),
("29","2023-09-18 20:58:33","0","eikerr"),
("29","2023-09-18 21:15:33","1","eikerr"),
("29","2023-09-18 21:20:41","0","eikerr"),
("29","2023-09-18 21:25:44","1","eikerr"),
("29","2023-09-18 21:34:23","0","eikerr"),
("29","2023-09-18 21:34:54","1","eikerr"),
("29","2023-09-18 21:50:18","0","eikerr"),
("29","2023-09-18 21:58:01","1","eikerr"),
("29","2023-09-18 22:03:56","0","eikerr"),
("29","2023-09-18 22:13:54","1","eikerr"),
("29","2023-09-18 22:38:03","0","eikerr"),
("29","2023-09-18 22:45:47","1","eikerr"),
("29","2023-09-18 22:54:36","0","eikerr"),
("29","2023-09-18 22:55:41","1","eikerr"),
("29","2023-09-18 23:36:38","0","eikerr"),
("29","2023-09-18 23:36:42","1","eikerr"),
("29","2023-09-18 23:49:32","0","eikerr"),
("29","2023-09-18 23:52:08","1","eikerr"),
("29","2023-09-19 00:17:01","0","eikerr"),
("33","2023-09-19 00:17:05","1","CARION"),
("33","2023-09-19 00:17:09","0","CARION"),
("29","2023-09-19 00:17:13","1","eikerr"),
("29","2023-09-19 00:17:30","0","eikerr"),
("33","2023-09-19 00:17:33","1","CARION"),
("33","2023-09-19 00:17:38","0","CARION"),
("29","2023-09-19 00:17:43","1","eikerr"),
("29","2023-09-19 00:17:57","0","eikerr"),
("33","2023-09-19 00:18:02","1","CARION"),
("33","2023-09-19 00:19:38","0","CARION"),
("29","2023-09-19 00:20:07","1","eikerr"),
("29","2023-09-19 00:20:31","0","eikerr"),
("33","2023-09-19 00:20:35","1","CARION"),
("33","2023-09-19 00:21:03","0","CARION"),
("29","2023-09-19 00:22:55","1","eikerr"),
("29","2023-09-19 00:28:43","0","eikerr"),
("29","2023-09-19 11:36:42","1","eikerr"),
("29","2023-09-19 12:08:11","0","eikerr"),
("29","2023-09-19 12:10:44","1","eikerr"),
("33","2023-09-19 12:26:31","1","CARION"),
("33","2023-09-19 12:36:53","0","CARION"),
("33","2023-09-19 12:41:05","1","CARION"),
("29","2023-09-19 12:49:49","0","eikerr"),
("33","2023-09-19 12:50:31","0","CARION"),
("29","2023-09-19 13:21:31","1","eikerr"),
("29","2023-09-19 13:43:14","0","eikerr"),
("29","2023-09-19 13:43:18","1","eikerr"),
("29","2023-09-19 14:10:59","0","eikerr"),
("29","2023-09-19 14:12:55","1","eikerr"),
("29","2023-09-19 14:23:38","0","eikerr"),
("29","2023-09-19 14:53:58","1","eikerr"),
("29","2023-09-19 16:06:59","0","eikerr"),
("29","2023-09-19 16:08:00","1","eikerr"),
("29","2023-09-19 16:29:52","0","eikerr"),
("29","2023-09-19 16:47:48","1","eikerr"),
("29","2023-09-19 17:16:04","0","eikerr"),
("29","2023-09-19 17:20:35","1","eikerr"),
("29","2023-09-19 17:25:36","0","eikerr");
INSERT INTO registro_entrada_salida VALUES
("29","2023-09-19 17:26:22","1","eikerr"),
("29","2023-09-19 18:24:11","0","eikerr"),
("29","2023-09-20 10:42:20","1","eikerr"),
("29","2023-09-20 11:22:11","0","eikerr"),
("29","2023-09-20 11:27:02","1","eikerr"),
("29","2023-09-20 11:37:04","0","eikerr"),
("29","2023-09-20 11:37:21","1","eikerr"),
("29","2023-09-20 11:45:59","0","eikerr"),
("29","2023-09-20 11:46:09","1","eikerr"),
("29","2023-09-20 11:51:29","0","eikerr"),
("29","2023-09-20 11:57:27","1","eikerr"),
("29","2023-09-20 12:12:01","0","eikerr"),
("29","2023-09-20 12:13:59","1","eikerr"),
("29","2023-09-20 12:23:33","0","eikerr"),
("29","2023-09-20 12:34:48","1","eikerr"),
("29","2023-09-20 12:40:41","0","eikerr"),
("29","2023-09-20 12:42:17","1","eikerr"),
("29","2023-09-20 12:47:17","0","eikerr"),
("29","2023-09-20 12:48:37","1","eikerr"),
("29","2023-09-20 13:04:48","0","eikerr"),
("29","2023-09-20 13:29:48","1","eikerr"),
("29","2023-09-20 13:42:36","0","eikerr"),
("29","2023-09-20 13:43:56","1","eikerr"),
("29","2023-09-20 14:10:45","0","eikerr"),
("29","2023-09-20 14:12:09","1","eikerr"),
("29","2023-09-20 14:13:06","1","eikerr"),
("29","2023-09-20 14:20:03","0","eikerr"),
("29","2023-09-20 14:20:14","1","eikerr"),
("29","2023-09-20 17:11:38","0","eikerr"),
("29","2023-09-20 17:20:57","1","eikerr"),
("29","2023-09-20 17:28:46","0","eikerr"),
("29","2023-09-20 17:32:48","1","eikerr"),
("29","2023-09-20 17:32:55","0","eikerr"),
("29","2023-09-20 17:46:27","1","eikerr"),
("29","2023-09-20 18:52:51","0","eikerr"),
("29","2023-09-20 19:52:39","1","eikerr"),
("29","2023-09-20 20:28:36","0","eikerr"),
("29","2023-09-20 20:28:58","1","eikerr"),
("29","2023-09-20 20:45:40","0","eikerr"),
("29","2023-09-20 20:50:02","1","eikerr"),
("29","2023-09-20 20:59:17","0","eikerr"),
("29","2023-09-20 21:04:49","1","eikerr"),
("29","2023-09-20 21:16:42","0","eikerr"),
("29","2023-09-20 21:16:44","1","eikerr"),
("29","2023-09-20 21:25:41","0","eikerr"),
("29","2023-09-20 21:25:48","1","eikerr"),
("29","2023-09-20 21:30:26","0","eikerr"),
("29","2023-09-20 23:33:19","1","eikerr"),
("29","2023-09-20 23:45:51","0","eikerr"),
("29","2023-09-20 23:46:45","1","eikerr"),
("29","2023-09-21 00:27:30","0","eikerr"),
("34","2023-09-21 01:04:58","1","VENEDI"),
("34","2023-09-21 01:07:41","0","VENEDI"),
("34","2023-09-21 01:07:43","1","VENEDI"),
("34","2023-09-21 01:07:47","0","VENEDI"),
("34","2023-09-21 01:08:16","1","VENEDI"),
("34","2023-09-21 01:08:19","0","VENEDI"),
("29","2023-09-21 01:28:48","1","eikerr"),
("29","2023-09-21 01:30:07","0","eikerr"),
("29","2023-09-23 09:39:51","1","eikerr"),
("29","2023-09-23 09:45:43","0","eikerr"),
("29","2023-09-23 09:59:48","1","eikerr"),
("29","2023-09-23 10:26:16","0","eikerr"),
("29","2023-09-23 10:34:52","1","eikerr"),
("29","2023-09-23 11:09:56","0","eikerr"),
("29","2023-09-23 11:18:12","1","eikerr"),
("29","2023-09-23 11:36:01","0","eikerr"),
("29","2023-09-23 11:43:43","1","eikerr"),
("29","2023-09-23 11:57:21","0","eikerr"),
("29","2023-09-23 12:00:40","1","eikerr"),
("29","2023-09-23 12:10:35","0","eikerr"),
("29","2023-09-23 12:11:05","1","eikerr"),
("29","2023-09-23 12:16:09","0","eikerr"),
("29","2023-09-23 12:16:30","1","eikerr"),
("29","2023-09-23 12:20:46","1","eikerr"),
("29","2023-09-23 12:53:49","0","eikerr"),
("29","2023-09-23 12:55:28","1","eikerr"),
("29","2023-09-23 13:46:19","0","eikerr"),
("29","2023-09-23 13:48:05","1","EIKERR"),
("29","2023-09-23 14:08:28","0","EIKERR"),
("29","2023-09-23 14:08:53","1","EIKERR"),
("29","2023-09-23 14:20:58","0","EIKERR"),
("29","2023-09-23 14:21:12","1","EIKERR"),
("29","2023-09-23 14:29:10","0","EIKERR"),
("29","2023-09-23 15:00:09","1","EIKERR"),
("29","2023-09-23 15:08:31","0","EIKERR"),
("29","2023-09-23 15:11:11","1","EIKERR"),
("29","2023-09-23 15:19:56","0","EIKERR"),
("29","2023-09-23 15:20:21","1","EIKERR"),
("29","2023-09-23 15:30:13","0","EIKERR"),
("29","2023-09-23 15:30:24","1","EIKERR"),
("29","2023-09-23 15:35:27","0","EIKERR"),
("29","2023-09-23 15:35:44","1","EIKERR"),
("29","2023-09-23 15:50:58","0","EIKERR"),
("29","2023-09-23 15:51:33","1","EIKERR"),
("29","2023-09-23 15:56:44","0","EIKERR"),
("29","2023-09-23 15:56:46","1","EIKERR"),
("29","2023-09-23 16:03:05","0","EIKERR"),
("29","2023-09-23 16:03:08","1","EIKERR"),
("29","2023-09-23 16:08:37","0","EIKERR");
INSERT INTO registro_entrada_salida VALUES
("29","2023-09-23 16:09:12","1","EIKERR"),
("29","2023-09-23 16:26:17","0","EIKERR"),
("29","2023-09-23 16:27:15","1","EIKERR"),
("29","2023-09-23 16:45:08","0","EIKERR"),
("29","2023-09-23 16:45:19","1","EIKERR"),
("29","2023-09-23 16:53:06","1","EIKERR"),
("29","2023-09-23 16:53:30","0","EIKERR"),
("29","2023-09-23 16:53:33","1","EIKERR"),
("29","2023-09-23 16:58:50","0","EIKERR"),
("29","2023-09-23 16:58:53","1","EIKERR"),
("29","2023-09-23 17:05:58","0","EIKERR"),
("29","2023-09-23 17:08:16","1","EIKERR"),
("29","2023-09-23 17:25:12","0","EIKERR"),
("29","2023-09-23 17:25:27","1","EIKERR"),
("29","2023-09-23 17:31:45","1","EIKERR"),
("29","2023-09-23 18:02:55","0","EIKERR"),
("29","2023-09-23 18:04:59","1","EIKERR"),
("29","2023-09-23 18:15:24","0","EIKERR"),
("29","2023-09-23 18:15:24","0","EIKERR"),
("29","2023-09-23 18:15:24","0","EIKERR"),
("29","2023-09-23 18:15:24","0","EIKERR"),
("29","2023-09-23 18:15:24","0","EIKERR"),
("29","2023-09-23 18:15:24","0","EIKERR"),
("29","2023-09-23 18:15:24","0","EIKERR"),
("29","2023-09-23 18:15:44","1","EIKERR"),
("29","2023-09-23 18:39:42","0","EIKERR"),
("29","2023-09-23 18:50:41","1","EIKERR"),
("29","2023-09-23 19:06:49","0","EIKERR"),
("29","2023-09-23 19:25:58","1","EIKERR"),
("29","2023-09-23 19:39:26","0","EIKERR"),
("29","2023-09-23 19:40:42","1","EIKERR"),
("29","2023-09-23 19:50:35","0","EIKERR"),
("29","2023-09-23 19:51:56","1","EIKERR"),
("29","2023-09-23 20:04:10","0","EIKERR"),
("29","2023-09-23 20:04:45","1","EIKERR"),
("29","2023-09-23 20:18:30","0","EIKERR"),
("29","2023-09-23 20:27:33","1","EIKERR"),
("29","2023-09-23 20:33:11","0","EIKERR"),
("29","2023-09-23 20:33:31","1","EIKERR"),
("29","2023-09-23 20:55:22","0","EIKERR"),
("29","2023-09-23 20:55:30","1","EIKERR"),
("29","2023-09-23 21:07:40","0","EIKERR"),
("29","2023-09-23 21:08:42","1","EIKERR"),
("29","2023-09-23 21:45:57","0","EIKERR"),
("29","2023-09-23 21:47:05","1","EIKERR"),
("29","2023-09-23 21:57:00","0","EIKERR"),
("29","2023-09-23 21:57:03","1","EIKERR"),
("29","2023-09-23 22:06:56","0","EIKERR"),
("29","2023-09-23 22:06:59","1","EIKERR"),
("29","2023-09-23 22:17:00","0","EIKERR"),
("29","2023-09-23 22:17:09","1","EIKERR"),
("29","2023-09-23 22:33:34","0","EIKERR"),
("29","2023-09-23 22:35:19","1","EIKERR"),
("29","2023-09-23 22:45:17","0","EIKERR"),
("29","2023-09-23 22:50:12","1","EIKERR"),
("29","2023-09-23 23:06:40","0","EIKERR"),
("29","2023-09-23 23:09:29","1","EIKERR"),
("29","2023-09-24 00:00:56","0","EIKERR"),
("29","2023-09-24 08:43:32","1","EIKERR"),
("29","2023-09-24 08:57:26","0","EIKERR"),
("29","2023-09-24 09:06:34","1","EIKERR"),
("29","2023-09-24 09:12:47","0","EIKERR"),
("29","2023-09-24 09:19:25","1","EIKERR"),
("29","2023-09-24 09:25:52","0","EIKERR"),
("29","2023-09-24 09:46:11","1","EIKERR"),
("29","2023-09-24 09:54:16","0","EIKERR"),
("29","2023-09-24 10:09:03","1","EIKERR"),
("29","2023-09-24 10:16:02","0","EIKERR"),
("29","2023-09-24 10:16:12","1","EIKERR"),
("33","2023-09-24 10:40:02","1","CARION"),
("33","2023-09-24 10:43:47","0","CARION"),
("33","2023-09-24 10:44:43","1","CARION"),
("33","2023-09-24 10:44:47","0","CARION"),
("29","2023-09-24 10:45:34","1","EIKERR"),
("34","2023-09-24 10:47:00","1","VENEDI"),
("29","2023-09-24 10:51:42","0","EIKERR"),
("34","2023-09-24 10:55:55","0","VENEDI"),
("34","2023-09-24 10:57:18","1","VENEDI"),
("29","2023-09-24 10:59:43","1","EIKERR"),
("34","2023-09-24 11:00:22","0","VENEDI"),
("29","2023-09-24 11:00:29","0","EIKERR"),
("29","2023-09-24 11:03:36","1","EIKERR"),
("33","2023-09-24 11:13:26","1","CARION"),
("29","2023-09-24 11:19:02","0","EIKERR"),
("33","2023-09-24 11:22:11","0","CARION"),
("29","2023-09-24 11:22:16","1","EIKERR"),
("29","2023-09-24 11:27:27","0","EIKERR"),
("29","2023-09-24 11:38:00","1","EIKERR"),
("29","2023-09-24 11:43:19","0","EIKERR"),
("29","2023-09-24 11:46:18","1","EIKERR"),
("29","2023-09-24 11:51:37","0","EIKERR"),
("29","2023-09-24 11:51:43","1","EIKERR"),
("29","2023-09-24 11:56:48","0","EIKERR"),
("29","2023-09-24 12:00:14","1","EIKERR"),
("29","2023-09-24 12:28:15","0","EIKERR"),
("29","2023-09-24 12:31:39","1","EIKERR"),
("33","2023-09-24 12:32:50","1","CARION"),
("29","2023-09-24 12:36:49","0","EIKERR"),
("29","2023-09-24 12:38:47","1","EIKERR"),
("33","2023-09-24 12:41:03","0","CARION");




CREATE TABLE `sedes` (
  `sede_id` int(5) NOT NULL,
  `id_estado_sed` int(2) NOT NULL,
  `nombre_sede` varchar(57) DEFAULT NULL,
  `municipio` varchar(29) DEFAULT NULL,
  `id_municipio` int(3) NOT NULL,
  `parroquia` varchar(36) DEFAULT NULL,
  `dir_local` varchar(133) DEFAULT NULL,
  PRIMARY KEY (`sede_id`),
  KEY `id_estado` (`id_estado_sed`)
) ENGINE=InnoDB DEFAULT CHARSET=utf8mb4 COLLATE=utf8mb4_general_ci;


INSERT INTO sedes VALUES
("221","2","CEG BARCELONA","SIMON BOLIVAR","27","SAN CRISTOBAL","AV. CARACAS, EDIFICIO MINISTERIO AGRICULTURA Y TIERRAS, PLANTA BAJA, OFICINA INSAI."),
("222","2","OFICINA PORTUARIA GUANTA","GUANTA","0","GUANTA","SEDE PRINCIPAL OFICINA BOLIVARIANA DE PUERTO GUNTA ESTADO ANZOATEGUI AL FINAL DEL PATIO 28"),
("223","4","OFICINA INSAI AYACUCHO SOCIO BIOREGION CENTRAL 1","GIRARDOT","0","URBANA ANDRES ELOY BLANCO","AV AYACUCHO CON AV CONSTITUCION CALLE NEGRO PRIMERO EDIFICIO INTEGRAL MPPAT"),
("224","4","CENTRO DE ATENCION INTEGRAL NEGRA HIPOLITA","SANTIAGO MARINO","0","SANTIAGO MARINO","AV INTERCOMUNAL TURMERO LA ENCRUCIJADA SEDE AGROPATRIA"),
("225","4","SEDE UEMPPAT LAMAS Y SUCRE","JOSE ANGEL LAMAS","0","SANTA CRUZ","CALLE ACOSTA MEDINA CRUCE CON AVENIDA BOLIVAR NO 5 SANTA CRUZ DE ARAGUA"),
("226","4","SEDE UEMPPAT CAMATAGUA","CAMATAGUA","0","CAMATAGUA","CALLE PRINCIPAL ENTRANDO A CAMATAGUA DESPUES DE LA SEDE POLICIAL"),
("227","3","CEG SAN FERNANDO","SAN FERNANDO","0","SAN FERNANDO","AV. CARABOBO, EDIF MAT, CRUCE CON CALLE LA MIEL"),
("228","5","BARINAS","BARINAS","0","ROMULO BETANCOURT","AV CUATRICENTENARIA EDIF EL MPPAT FRENTE AL MERCADO BICENTENARIO"),
("229","6","PUESTO FRONTERIZO SANTA ELENA DE UAIREN","GRAN SABANA","0","SECCION CAPITAL GRAN SABANA","CARRETERA TRONCAL 10 ADUANA ECOLOGICA STA. ELENA DE UREÑA"),
("2210","6","SANTA ELENA DE GUAIREN","GRAN SABANA","0","SECCION CAPITAL GRAN SABANA","SEDE SENIAT CARRETERA PANAMERICANA VENEZUELA BRASIL OFICINA INSAI"),
("2211","6","CIUDAD BOLIVAR","HERES","0","VISTA HERMOSA","AV. ANDRES ELOY BLANCO EDIF. MAT SECTOR ZONA 10 AL LADO DE LA ANTIGUA MANGA DE COLEO OFICINA INSAI"),
("2212","6","UPATA","PIAR","0","SECCION CAPITAL PIAR","CALLE ALBERTO RAVEL ADYACENTE AL LICEO SISO MARTINEZ"),
("2213","6","SAN FELIX","CARONI","0","SIMON BOLIVAR","SECTOR EL ROBLE EN LAS OFICINAS DEL MAT"),
("2214","7","OFIC. PORTUARIA INSPECTORIA DE PUERTO CABELLO(CARABOBO)","PUERTO CABELLO","0","PUERTO CABELLO","INSTALACIONES PORTUARIAS DE BOLIVARIANAS DE PUERTOS."),
("2215","7","OFIC. AEROPORTUARIA ARTURO MICHELENA (VALENCIA)","VALENCIA","0","URBANA RAFAEL URDANETA","AV HENRY FORD, FINAL DE LA AV DIEGO IBARRA BORGES ZONA INDUSTRIAL III"),
("2216","7","GUAPARO","NAGUANAGUA","0","URBANA NAGUANAGUA","FINAL AV. BOLIVAR NORTE PARQUE GONZALO DE CASTRO EDIF. UEMPPAT"),
("2217","9","CEG TUCUPITA","TUCUPITA","0","SAN JOSE","CALLE MANAMO, EDF. DIAGONAL A LA GUARDIA NACIONAL"),
("2218","24","MERCADO MAYORISTA DE COCHE","LIBERTADOR","0","COCHE","AV INTERCOMUNAL VALLE COCHE"),
("2219","11","EL SOCORRO","EL SOCORRO","0","EL SOCORRO","CALLE MC. GREGOR EDIF. DON EVARO CASCO CENTRAL DEL SOCORRO."),
("2220","11","VALLE DE LA PASCUA","LEONARDO INFANTE","0","CAPITAL VALLE DE LA PASCUA","AV. LAS INDUSTRIAS CARRETERA NACIONAL SEDE DE AGROPATRIA."),
("2221","11","ALTAGRACIA DE ORITUCO","JOSE TADEO MONAGAS","0","CAPITAL ALTAGRACIA DE ORITUCO","CALLE EL ROBLE DETRAS DEL BANCO BICENTENARIO SEDE DEL M.A.T."),
("2222","11","CALABOZO","FRANCISCO MIRANDA","0","CALABOZO","1RA. AV. CENTRO ADMINISTRATIVO EDIF M.A.T. AL LADO DE CORPOLLANOS."),
("2223","11","CHAGUARAMAS","CHAGUARAMAS","0","CHAGUARAMAS","CHAGUARAMAS AV. SAN LORENZO CARR. NAC. SECTOR PARIAGUAN SEDE DE ASOC. DE PRODUCTORES DE CHAGUARAMAS."),
("2224","12","BARQUISIMETO","IRIBARREN","0","CATEDRAL","AV LOS ABOGADOS ENTRE CALLES 13 Y 14 EDIF MAT"),
("2225","12","MERCADO MAYORISTA DE BARQUISIMETO (MERCABAR)","IRIBARREN","0","JUAN DE VILLEGAS","ZONA INDUSTRIAL"),
("2226","12","QUIBOR","JIMENEZ","0","JUAN BAUTISTA RODRIGUEZ","SECTOR EL CALVARIO CALLE 1 EDIF. MAT"),
("2227","12","TOCUYO","MORAN","0","BOLIVAR","TOCUYO CALLE 6 ENTRE CARRETERA 6 Y 7"),
("2228","12","DUACA","CRESPO","0","FREITEZ","CALLE 14 ENTRE CARRERAS 6 Y 7 DUACA OFICINA MAT"),
("2229","13","EL LLANO","LIBERTADOR","0","EL LLANO","AV URDANETA EDIF MAT NIVEL MEZANINA"),
("2230","13","TIMOTES","MIRANDA","0","CAPITAL MIRANDA","CARRETERA NACIONAL ENTRADA TIMOTES SECTOR CHIJOS EDIFICIO AGROPATRIA"),
("2231","13","AGROPATRIA SANTO DOMINGO","CARDENAL QUINTERO","0","LAS PIEDRAS","FINAL AV. 19 DE ABRIL SECTOR LA CONCORDIA EDIF. MAT"),
("2232","14","CAUCAGUA","ACEVEDO","0","CAUCAGUA","CALLE PRINCIPAL DEL PLACER FRENTE EL HOSPITALDE CAUCAGUA EDIF. MATINSAI"),
("2233","14","LOS TEQUES","GUAICAIPURO","0","LOS TEQUES","AVENIDA VICTOR BATISTA VIA SAN PEDRO EDIF PERONE. OFICINA DE AGRICULTURA Y TIERRAS."),
("2234","15","CARIPE","CARIPE","0","CAPITAL CARIPE","MUNICIPIO CARIPE SECTOR SAN JUAN SEDE CAFE VENEZUELA. FEDERACION DE CAFICULTORES CEMUDECA CARIPE"),
("2235","15","CENTRO DE GUIADO MATURIN OFICINA INSAI","MATURIN","0","SAN SIMON","MUNICIPIO MATURIN AV. RAUL LEONI AL LADO DEL PARQUE FERIAL CHUCHO PALACIO EDIFICIO MAT.OFICINA PRINCIPAL INASAIMONAGAS."),
("2236","15","CENTRO DE GUIADO MUNICIPIO PIAR.","PIAR","0","CAPITAL PIAR","CALLE PAEZ CRUCE CON CALLE RIVAS ARAGUA DE MATURIN. SEDE OFICINA MUNICIPAL DEL MAT"),
("2237","16","AEROPUERTO INTERNACIONAL SANTIAGO MARIÑO","DIAZ","0","ZABALA","EL YAQUE"),
("2238","17","GUANARE","GUANARE","0","CAPITAL GUANARE","CARRERA 8 CC21 EDIF. FONDAS PISO 1 OFICINA UEMPPAT CARRERA 11 CC. 15 EDIF. UNIVERSAL PISO1."),
("2239","17","GUANARITO","GUANARITO","0","CAPITAL GUANARITO","AV. JOSE ANTONIO PAEZ SECTOR LA MATA DE PALO CASERIO LA CAPILLA FRENTE A LA PLAZA BOLIVAR AL LADO DE LA IGLESIA ADVENTISTA."),
("2240","17","OSPINO","OSPINO","0","CAPITAL OSPINO","AV. DANIEL CAMEJO ACOSTA EN LA ESQUINA DE COPA DE ORO. LOCAL UEMPPAT"),
("2241","17","PAEZ","PAEZ","0","CAPITAL PAEZ","AV. CIRCUNVALACION SUR VIA PAYARA AGROPATRIA"),
("2242","17","SAN RAFAEL DE ONOTO","SAN RAFAEL DE ONOTO","0","CAPITAL SAN RAFAEL DE ONOTO","OFICINA MUNICIPAL DEL UEMPPAT SAN RAFAEL DE ONOTO"),
("2243","17","SANTA ROSALIA","SANTA ROSALIA","0","CAPITAL SANTA ROSALIA","FRENTE A LA PLAZA A LADO DE LA ALCALDIA DEL PLAYON"),
("2244","17","CEG TEMPORAL - PEDRO CAMEJO","TUREN","0","CAPITAL TUREN","TUREN VIA SANTA CRUZ"),
("2245","17","CEG TEMPORAL- TUREN BCO. AGRICOLA","TUREN","0","CAPITAL TUREN","AV. 3 CRUCE CON CALLE 6 Y 5 EDIF. SAN ANTONIO PB LOCAL 1 FRENTE A LA CANCHA ACUSTICA"),
("2246","17","ARAURE","ARAURE","0","CAPITAL ARAURE","AV. 5 DE DICIEMBREEDIF. INTEGRACION INTIINSAI DETRAS DEL MAT"),
("2247","17","ESTELLER","ESTELLER","0","PIRITU","CARRETERA VIA TUREN ARROZ DEL ALBA PIRITU 3."),
("2248","18","INSAI CUMANA","SUCRE","0","SANTA INES","CEDE DE LA UEMPPAT"),
("2249","19","SEDE PRINCIPAL SAN CRISTOBAL","SAN CRISTOBAL","0","LA CONCORDIA","FINAL AV. 19 DE ABRIL SECTOR LA CONCORDIA EDIF. MAT"),
("2250","19","OFIC. FRONTERIZA DE UREÑA(TACHIRA)","PEDRO MARIA URENA","0","PEDRO MARIA URENA","UREÑA AL LADO DEL PUENTE INTERNACIONAL FRANCISCO DE PAULA SANTANDER"),
("2251","19","INSAI CARDENAS","CARDENAS","0","CARDENAS","CARRERA 5 ENTRE CALLE 9 Y 10"),
("2252","19","OFIC. FRONTERIZA SAN ANTONIO (TACHIRA)","BOLIVAR","0","BOLIVAR","AV VENEZUELA, EDIFICIO NACIONAL ADUANA PRINCIPAL ZONA PRIMARIA INSAI"),
("2253","20","LA MESA DE LOS MORENOS","URDANETA","0","JAJO","SECTOR EL GUARERO EDIF. SENIAT"),
("2254","20","MERCADO MAYORISTA DE ALIMENTOS VALERA (MAKROVAL)","VALERA","0","JUAN IGNACIO MONTILLA","SECTOR EL MILAGRO, CARRETERA VIEJA VIA EL CUMBE, A 200 MTRS DE LA CASILLA POLICIAL"),
("2255","20","CENTRO DE GUIADO AGROPATRIA VALERA","VALERA","0","SAN LUIS","ZONA INDUSTRIAL AGROPATRIA VALERA"),
("2256","0","AEROPUERTO INTERNACIONAL SIMON BOLIVAR","VARGAS","0","URIMARE","AV. EL EJERCITO NIVEL II DENTRO DEL AEROPUERTO INTERNACIONAL SIMON BOLIVAR DE MAIQUETIA"),
("2257","0","CARGA AEREA","VARGAS","0","MAIQUETIA","AV. CARLOS SOUBLETTE, EDIFICIO MAT, OFICINA S/N, PB, AL LADO DE LA POLICIA NAVAL, SECTOR EL TREBOL"),
("2258","0","PUERTO DE LA GUAIRA","VARGAS","0","MAIQUETIA","AV. CARLOS SOUBLETTE , TERMINAL MARITIMO DE LA GUAIRA, NIVEL MEZANINA, OFICINA S/N AL LADO DE SAIME"),
("2259","22","SAN FELIPE","SAN FELIPE","0","CAPITAL SAN FELIPE","AV LA PAZ FRENTE A LA HOSTERIA COLONIAL"),
("2260","23","OFICINA FRONTERIZA PARAGUACHÓN","PAEZ","0","GUAJIRA","SECTOR EL GUARERO EDIF. SENIAT"),
("2261","23","MARACAIBO","SAN FRANCISCO","0","FRANCISCO OCHOA","KM.1 12 VIA PERIJA EDF.MPPAT"),
("2262","23","OFIC. AEROPUERTUARIA INTERNACIONAL LA CHINITA (MARACAIBO)","SAN FRANCISCO","0","MARCIAL HERNANDEZ","CORREDOR VIAL RAFAEL BELLOSO"),
("2263","23","PUERTO DE MARACAIBO","MARACAIBO","0","BOLIVAR","AV.2 DEL MILAGRO"),
("2264","1","AGROPATRIA","AUTONOMO ATURES","0","FERNANDO GIRON TOVAR","AV ORINOCO GALPON AGROPATRIA"),
("2265","2","CEG ELTIGRE","SIMON RODRIGUEZ","0","EDMUNDO BARRIOS","AV INTERCOMUNAL EL TIGREEL TIGRITO SECTOR REDOMA DE AGUANCA SEDE MAT"),
("2266","2","CEG SANTA ANA","SANTA ANA","0","CAPITAL SANTA ANA","CALLE AMALIA GUEVARA SECTOR LOS ALGARROBOS"),
("2267","2","CEG BERGANTIN","SIMON BOLIVAR","27","BERGANTIN","SEDE DE LA COOPERATIVA DE CAFICULTORES"),
("2268","2","CEG CLARINES","MANUEL EZEQUIEL BRUZUAL","0","CAPITAL MANUEL EZEQUIEL BRUZUAL","CARRETERA DE LA COSTA SEDE MAT OFICINA INSAI"),
("2269","2","CEG SAN MATEO","LIBERTAD","0","CAPITAL LIBERTAD","SECTOR LOS MANIRITOS PARQUE FERIAL FRENTE A LA MANGA DE COLEO PERUCHO ROJAS"),
("2270","2","CEG ARAGUA","ARAGUA","0","CAPITAL ARAGUA","CARRETERA NAC ARAGUAZARAZA SEDE SILOS CASA ARAGUA"),
("2271","2","CEG VALLE GUANAPE","MANUEL EZEQUIEL BRUZUAL","0","GUANAPE","CALLE ANZOATEGUI CASCO CENTRAL SEDE AGROPATRIA VALLE GUANAPE"),
("2272","2","FREITESCANTAURA","PEDRO MARIA FREITES","0","CAPITAL PEDRO MARIA FREITES","CALLE NUEVO MUNDO CLINICA COMUNITARIA CANTAURA"),
("2273","2","CEG ELTIGREVEGETAL","SIMON RODRIGUEZ","0","EDMUNDO BARRIOS","AV JESUS SUBERO ZONA INDUSTRIAL SILOS CASA SEDE AGROPATRIA 2 EL TIGRE"),
("2274","2","CEG ONOTO","JUAN MANUEL CAJIGAL","0","CAPITAL JUAN MANUEL CAJIGAL","AV PPAL SECTOR BARRIO OBRERO SEDE MAT OFICINA INSAI"),
("2275","2","CEG PARIAGUAN","FRANCISCO DE MIRANDA","0","CAPITAL FRANCISCO DE MIRANDA","CALLE BERMUDEZ SEDE DEL MAT OFICINA INSAI PARIAGUAN"),
("2276","2","EL CHAPARRO","SIR ARTHUR MC GREGOR","0","CAPITAL SIR ARTHUR MC GREGOR","SEDE DE PEDRO CAMEJO"),
("2277","2","CEG MAPIRE","JOSE GREGORIO MONAGAS","0","CAPITAL JOSE GREGORIO MONAGAS","CALLE SUCRE CASCO CENTRAL ALCALDIA DE MAPIRE"),
("2278","2","FREITES MUNDO NUEVO","PEDRO MARIA FREITES","0","LIBERTADOR","SECTOR CAMBURAL CALLE PRINCIPAL N 10 MUNDO NUEVO"),
("2279","2","FREITESURICA","PEDRO MARIA FREITES","0","URICA","CALLE ANZOATEGUI FRENTE AL TANQUE"),
("2280","2","CEG SOLEDAD","INDEPENDENCIA","0","CAPITAL INDEPENDENCIA","AV GUZMAN BLANCO FRENTE A LA IGLESIA TESTIGO DE JEHOVA"),
("2281","3","ARICHUNA","SAN FERNANDO","0","PENALVER","CALLE PEDRO MANUEL ARMAS EDIF GUBERNAMENTAL FRENTE A LA PLAZA BOLIVAR"),
("2282","3","SAN JUAN DE PAYARA","PEDRO CAMEJO","0","URBANA SAN JUAN DE PAYARA","LACAL MPPAT"),
("2283","3","CUNAVICHE","PEDRO CAMEJO","0","CUNAVICHE","FRENTE A LA PLAZA BOLIVAR PREFECTURA DE LA PARROQUIA CUNAVICHE"),
("2284","3","PUERTO PAEZ","PEDRO CAMEJO","0","CODAZZI","CALLE PRINCIPAL FRENTE A LA PLAZA BOLIVAR; PREFECTURA DE LA PAROOQUIA CODAZZI"),
("2285","3","EL SAMAN","ACHAGUAS","0","MUCURITAS","CALLE SUCRECOMISARIA POLICIAL DIAGONAL A LA ESCUELA ESPECIAL"),
("2286","3","EL YAGUAL","ACHAGUAS","0","EL YAGUAL","PREFECTURA DE LA PARROQUIA FRENTE A LA PLAZA BOLIVAR DIAGONAL AL COMEDOR POPULAR"),
("2287","3","GUASIMAL","ACHAGUAS","0","QUESERAS DEL MEDIO","FRENTE A LA PLAZA BOLIVAR"),
("2288","3","GUACHARA","ACHAGUAS","0","GUACHARA","CALLE EL PUENTE VIA FRUTA DEL BURRO AGASURAP"),
("2289","3","TRINIDAD DE ORICHINA","ROMULO GALLEGOS","0","LA TRINIDAD","AL LADO DE LA PREFECTURA"),
("2290","3","SANTA FE DE BURIA","ROMULO GALLEGOS","0","LA TRINIDAD","UBICADA EN LA CASA DE HABITACION"),
("2291","3","ELORZA","ROMULO GALLEGOS","0","URBANA ELORZA","NSTALACIONES DEL MINISTERIO DE AGRICULTURA Y TIERRAS"),
("2292","3","LA ESTACADA","MUNOZ","0","RINCON HONDO","ASOCIACION DE GANADEROS DE LA ESTACADA"),
("2293","3","MANTECAL","MUNOZ","0","MANTECAL","ASOCIACION DE GANADEROS DE MANTECAL"),
("2294","3","QUINTERO","MUNOZ","0","QUINTERO","JUNTA COMUNAL"),
("2295","3","SAN VICENTE","MUNOZ","0","SAN VICENTE","CENTRO"),
("2296","3","BRUZUAL","MUNOZ","0","URBANA BRUZUAL","INTALACIONES DEL MAT"),
("2297","3","GUACA DE RIVERA","PAEZ","0","URBANA GUASDUALITO","ASOCIACION DE GANADEROS"),
("2298","3","PALMARITO","PAEZ","0","ARAMENDI","FRENTE A LA PLAZA BOLIVAR"),
("2299","3","LA CEIBA","PAEZ","0","SAN CAMILO","ASOCIACION DE GANADEROS"),
("22100","3","GUASDUALITO","PAEZ","0","URBANA GUASDUALITO","BARRIO TACHIRA");
INSERT INTO sedes VALUES
("22101","3","LA VICTORIA","PAEZ","0","URDANETA","CALLE 1ERA BARRIO LA ESPERANZA"),
("22102","3","EL NULA","PAEZ","0","SAN CAMILO","CALLE PRINCIPAL DEL NULA FRENTE A LAS INSTALACIONES DEL MAT"),
("22103","3","LA CHARCA","PAEZ","0","SAN CAMILO","EN EL PUESTO DE LA BASE DEL EJERCITO"),
("22104","3","ACHAGUAS","ACHAGUAS","0","URBANA ACHAGUAS","EDIFICIO DEL MAT ACHAGUAS"),
("22105","3","APURITO","ACHAGUAS","0","APURITO","PREFECTURA DE LA PARROQUIA APURITO"),
("22106","3","SAN RAFAEL DE ATAMAICA","SAN FERNANDO","0","SAN RAFAEL DE ATAMAICA","LOCAL MPPAT DIAGONAL A LA PLAZA BOLIBAR"),
("22107","4","SEDE UEMPPAT SAN CASIMIRO PREFECTURA","SAN CASIMIRO","0","SAN CASIMIRO","CALLE EL CEMENTERIO SECTOR TORONQUEY AL LADO DE LA CASA DEL DEPORTE"),
("22108","4","SEDE UEMPPAT COLONIA TOVAR","TOVAR","0","COLONIA TOVAR","CALLE PRINCIPAL DEL SECTOR CRUZ VERDE"),
("22109","4","EDIFICIO CASA ANTIGUO FONCAFE","JOSE FELIX RIBAS","0","CASTOR NIEVES RIOS","ZONA INDUSTRIAL LA MORA II URB LA MORA II CALLE 1 CON CALLE 2 LA VICTORIA"),
("22110","4","SEDE UEMPPAT SAN SEBASTIAN DE LOS REYES","JOSE ANGEL LAMAS","0","SANTA CRUZ","CALLE LA ESPERANZA FRENTE AL GRUPO ESCOLAR BOLIVARIANA PEDRO ALDAO"),
("22111","4","SEDE UEMPPAT VALLES DE TUCUTUNEMO","ZAMORA","0","NO URBANA VALLES DE TUCUTUNEMO","CARRETERA PRINCIPAL VILLA DE CURA VALLE DE TUCUTUNEMO ASENTAMIENTO CAMPESINO EL CORTIJO"),
("22112","4","SEDE UEMPPAT BARBACOAS","URDANETA","0","URDANETA","SEGUNDA ENTRADA DE BARBACOAS FRENTE AL ASENTAMIENTO CAMPESINO LEONARDO RUIZ PINEDA"),
("22113","4","SEDE UEMPPAT TAGUAY","URDANETA","0","NO URBANA TAGUAY","ENTRADA PRINCIPAL DE TAGUAY ANTES DE LLEGAR A LA PLAZA BOLIVAR"),
("22114","4","SEDE UEMPPAT GUANAYEN","URDANETA","0","NO URBANA SAN FRANCISCO DE CARA","SEGUNDA ENTRADA DE SAN FRANCISCO DE CARA FRENTE A LA PLAZA BOLIVAR DE GUANAYEN"),
("22115","5","CHORROSCO","SOSA","0","EL REGALO","ASOCIACION DE PRODUCTORES CASERIO CHORROSCO VIA GUANARITO LOS MORRONES"),
("22116","5","PASO EL GUAMO","SOSA","0","SANTA CATALINA","ASOCIACION DE PRODUCTORES AL LADO DE LA ESCUELA PASO EL GUAMO CASILLA POLICIAL"),
("22117","5","MAPORAL","PEDRAZA","0","IGNACIO BRICENO","ASOCIACION DE PRODUCTORES"),
("22118","5","CURBATI","PEDRAZA","0","JOSE FELIX RIBAS","SEDE PREFECTURA FRENTE A LA PLAZA BOLIVAR"),
("22119","5","CAPITANEJO","EZEQUIEL ZAMORA","0","PEDRO BRICENO MENDEZ","SEDE DEL MPPAT AL LADO DEL AMBULATORIO Y PLAZA BOLIVAR"),
("22120","5","PUNTA DE PIEDRA","EZEQUIEL ZAMORA","0","RAMON IGNACIO MENDEZ","FRENTE A LA TRONCAL 5"),
("22121","5","SANTA ROSA","ROJAS","0","SANTA ROSA","SEDE DE LA PREFECTURA FRENTE A LA PLAZA BOLIVAR"),
("22122","5","SAN SILVESTRE","BARINAS","0","SAN SILVESTRE","SEDE DE LA PREFECTURA FRENTE A LA PLAZA BOLIVAR"),
("22123","5","SANT INES","BARINAS","0","SANTA INES","SEDE DE LA PREFECTURA"),
("22124","5","CIUDAD DE NUTRIA","SOSA","0","CIUDAD DE NUTRIAS","SEDE DE LA PREFECTURA FRENTE A LA PLAZA BOLIVAR"),
("22125","5","PEDRAZA","PEDRAZA","0","CIUDAD BOLIVIA","SEDE DE AGROPATRIA AV5 ENTRADA A CIUDAD BOLIVIA FRENTE AL PASEO CUATRICENTENARIO A UNA CUADRA DEL BATALLON"),
("22126","5","CANAGUA","PEDRAZA","0","PAEZ","SEDE DE LA PREFECTURA FRENTE A LA PLAZA BOLIVAR"),
("22127","5","SANTA BARBARA","SOSA","0","EL REGALO","SEDE DEL MPPAT FRENTE AL DESTACAMENTO DE LA GUARDIA NACIONAL"),
("22128","5","OBISPO","OBISPOS","0","OBISPOS","SEDE MPPAT A DOS CUADRAS DE LA PLAZA BOLIVAR"),
("22129","5","LA LUZ","OBISPOS","0","LA LUZ","SEDE DE LA MPPAT"),
("22130","5","LIBERTAD","ROJAS","0","LIBERTAD","SEDE DEL MPPAT DIAGONAL AL BANCO DE VENEZUELA"),
("22131","5","SABANETA","ALBERTO ARVELO TORREALBA","0","SABANETA","SEDE DEL MPPAT"),
("22132","5","BARRANCAS","CRUZ PAREDES","0","BARRANCAS","SEDE DE LA MPPAT FRENTE A LA REDOMA DE CAMARUCO"),
("22133","5","SOCOPO","ANTONIO JOSE DE SUCRE","0","TICOPORO","SEDE DE LA ASOCIACION DE GANADERO EN EL PARQUE FERIAL"),
("22134","5","CANO DE CHIGUIRE","ANDRES ELOY BLANCO","0","EL CANTON","CANO DE CHIGUIERE"),
("22135","5","EL CANTON","ANDRES ELOY BLANCO","0","EL CANTON","EL CANTON"),
("22136","5","PALMARITO MUNOCERO","ARISMENDI","0","ARISMENDI","CARRETERA NACIONAL GUANARITO CASERIO LA RAYITA"),
("22137","5","ARISMENDI","ARISMENDI","0","ARISMENDI","AV. SUCRE ENTRE CALLE 8 DE DICIEMBRE Y ELADIO TARIFE"),
("22138","5","GUADARRAMA","ARISMENDI","0","ARISMENDI","CALLE PRINCIPAL GUADARRAMA FRENTE PLAZA BOLIVAR"),
("22139","5","LA UNION","ARISMENDI","0","ARISMENDI","CALLE PRINCIPAL LA UNION FRENTE PLAZA BOLIVAR"),
("22140","5","EL REGALO","SOSA","0","EL REGALO","SEDE DE LA PREFECTURA FRENTE A LA PLAZA BOLIVAR"),
("22141","5","CAMIRI","BARINAS","0","DOMINGA ORTIZ DE PAEZ","COMANDO POLICIAL CARRETERA BARINAS SAN CRISTOBAL"),
("22142","5","LA AZULITA","ARISMENDI","0","ARISMENDI","AV PRINCIPAL A MERIDA EDIFICIO PACCA PLANTA ALTA"),
("22143","5","SANTA LUCIA","BARINAS","0","SANTA LUCIA","SEDE JUNTA PARROQUIAL"),
("22144","5","SANTA CATALINA","SOSA","0","SANTA CATALINA","SEDE DE LA PREFECTURA"),
("22145","6","GUASIPATI","ROSCIO","0","SECCION CAPITAL ROSCIO","CALLE JUNIN ZONA 10 EDIFICIO MAT"),
("22146","6","PIJIGUAOS","CEDENO","0","PIJIGUAOS","PIJIGUAO"),
("22147","6","GUARATARO","SUCRE","0","GUARATARO","OFICINA DE LA ALCALDIA CASCO HISTORICO CALLE 10 CC CARRERA 4"),
("22148","6","PERAMANAL","SUCRE","0","MOITACO","TRONCAL 19 VIA CD. BOLIVARGUARATARO OFICINA CARNICERIA DEL SECTOR PERAMANAL"),
("22149","6","CAICARA DEL ORINOCO","CEDENO","0","SECCION CAPITAL CEDENO","SECTOR CENTURION CALLE PRINCIPAL OFICINA MAT"),
("22150","6","SANTA ROSALIA","CEDENO","0","ASCENSION FARRERAS","CALLE PRINCIPAL DE SANTA ROSALIA JUNTA PARROQUIAL OFICINA MAT"),
("22151","6","LA PARAGUA","RAUL LEONI","0","BARCELONETA","AV MIRANDA CRUCE CON CALLE COMERCIO FTE VIVERES SIRVENCA CASA COMUNAL DEL PODER POPULAR."),
("22152","6","SAN FRANCISCO","RAUL LEONI","0","SAN FRANCISCO","CALLE JOSE FELIX RIBAS EDIF. MAT BAJANDO POR EL MODULO POLICIAL A LA DERECHA"),
("22153","6","CD. PIAR","PIAR","0","SECCION CAPITAL PIAR","MERCADO MUNICIPAL SEDE ASOCIACION DE GANADEROS LOCAL 23"),
("22154","6","EL MANTECO","PIAR","0","PEDRO COVA","CARRETERA PRINCIPAL A 100 METROS DE COMANDO DE LA GUARDIA"),
("22155","6","EL PALMAR","PADRE PEDRO CHIEN","0","EL PALMAR","VIA PRINCIPAL MATA VERDE PARQUE FERIAL PACO MURADA ASOGAPAL AL LADO DE LA ES"),
("22156","6","TUMEREMO","SIFONTES","0","SECCION CAPITAL SIFONTES","MANGA DE COLEO PARQUE FERIAL VIA GRAN SABANA"),
("22157","7","MIRANDA","MIRANDA","0","URBANA MIRANDA","SECTOR MIRANDITA"),
("22158","8","EL BAUL","GIRARDOT","0","EL BAUL","AV. BOLIVAR ENTRE CALLE CARABOBO Y CALLE IGINIO MORALES FRENTE A LOS BOMBEROS EL BAUL"),
("22159","8","MACAPO","LIMA BLANCO","0","MACAPO","CALLE BOLIVAR AL LADO DE LA FARMACIA EL ROCIO OFICINA DE INADESPRO MACAPO"),
("22160","8","LAGUNITA","RICAURTE","0","LIBERTAD DE COJEDES","AV. BOLIVAR FRENTE AL TERMINAL DE LOS PEDROZO DIAGONAL A LA FARMACIA LAGUNITAS"),
("22161","8","SAN CARLOS UEMPPAT","SAN CARLOS","0","SAN CARLOS DE AUSTRIA","SECTOR EL LIMON AV. ROMULO GALLEGOS KM 2 VIA LAS VEGAS UEMPPATCOJEDES SAN CARLOS"),
("22162","8","COLEGIO DE MEDICOS VETERINARIOS DEL ESTADO COJEDES","SAN CARLOS","0","SAN CARLOS DE AUSTRIA","SEDE DEL COLEGIO"),
("22163","8","TINAQUILLO","FALCON","0","TINAQUILLO","ZONA INDUSTRIAL 1 FRENTE A LA UNELLEZ TINAQUILLO"),
("22164","8","SAN CARLOS","PAO DE SAN JUAN BAUTISTA","0","EL PAO","FRENTE A LA PLAZA BOLIVAR AL LADO DE LA ALCALDIA EL PAO"),
("22165","8","COJEDITO","ANZOATEGUI","0","COJEDES","AV. PRINCIPAL CALLE LA ESCUELA OFICINA DEL MAT COJEDITO"),
("22166","8","TINACO","TINACO","0","GENERAL EN JEFE JOSE LAURENCIO SILVA","AV. BOLIVAR FRENTE A LA PLAZA MIRANDA TINACO"),
("22167","8","SAN CARLOS","SAN CARLOS","0","SAN CARLOS DE AUSTRIA","SECTOR EL LIMON AV. ROMULO GALLEGOS KM 2 VIA LAS VEGAS UEMPPATCOJEDES SAN CARLOS"),
("22168","9","PIACOA","CASACOIMA","0","JUAN BAUTISTA ARISMENDI","CALLE PRINCIPA"),
("22169","9","EL TRIUNFO","CASACOIMA","0","CINCO DE JULIO","AVENIDA PRINCIPAL EL TRIUNFO"),
("22170","9","LAS VEGAS","CASACOIMA","0","ROMULO GALLEGOS","CALLE SUCRE ENTRE AV. BOLIVAR Y FRENTE AL TALLER DERROCHE LAS VEGAS"),
("22171","10","PALMAZOLA","PALMASOLA","0","PALMASOLA","PALMAZOLA"),
("22172","10","BOLIVAR","BOLIVAR","0","ARACUA","CALLE AYACUCHO ARACUA"),
("22173","10","MAUROA","MAUROA","0","MENE DE MAUROA","SEDE M.A.T. ASOCIACION DE GANADEROS"),
("22174","10","DABAJURO","DABAJURO","0","DABAJURO","CALLE LA GANADERIA ASOCIACION DE GANADEROS"),
("22175","10","BUCHIVACOA","BUCHIVACOA","0","BARIRO","CALLE PPAL DE BARIRO"),
("22176","10","ZAMORA","ZAMORA","0","PUERTO CUMAREBO","CARRETERA NACIONAL MORON CORO FRENTE A LA GUARDIA NAC."),
("22177","10","PIRITU","PIRITU","0","PIRITU","SECTOR EL PUENTE CARRETERA NACIONAL MORON CORO."),
("22178","10","COLEGIO DE MEDICOS VETERINARIOS DEL ESTADO LARA","PIRITU","0","SAN JOSE DE LA COSTA","SEDE DEL COLEGIO"),
("22179","10","COLEGIO DE MEDICOS VETERINARIOS DEL ESTADO LARA","PIRITU","0","SAN JOSE DE LA COSTA","SEDE DEL COLEGIO"),
("22180","10","CARIRUBANA","CARIRUBANA","0","CARIRUBANA","ZONA INDUSTRIAL PTO DE GUARANAO"),
("22181","10","FALCON","FALCON","0","PUEBLO NUEVO","SIN DIRECCION"),
("22182","10","PETIT","PETIT","0","CABURE","CALLE HUGO FERNANDEZ O."),
("22183","10","DEMOCRACIA","DEMOCRACIA","0","PEDREGAL","SECTOR SANTA MARIA SALA DE MATANZA DE PEDREGAL"),
("22184","10","URUMACO","URUMACO","0","URUMACO","CALLE BOLIVAR"),
("22185","10","MIRANDA","MIRANDA","0","SAN ANTONIO","CALLE CONCORDIA SAN BOSCO Y MEDANOS"),
("22186","10","CHURUGUARA","FEDERACION","0","CHURUGUARA","SECTOR LA SABANITA EDIF. MAT"),
("22187","10","SANTA CRUZ DE BUCARAL","UNION","0","SANTA CRUZ DE BUCARAL","CALLE URDANETA C/AV. BOLIVAR EDIF. MAT"),
("22188","10","VEGAS DEL TUY","UNION","0","LAS VEGAS DEL TUY","REGISTRO CIVIL VEGAS DEL TUY"),
("22189","10","MIREMIRE","SAN FRANCISCO","0","MIRIMIRE","CARRETERA MORON CORO"),
("22190","10","YARACAL","CACIQUE MANAURE","0","YARACAL","CARRETERA MORON CORO"),
("22191","10","TUCACAS","SILVA","0","TUCACAS","CARRETERA MORON CORO"),
("22192","11","LAS MERCEDES","LAS MERCEDES","0","CAPITAL LAS MERCEDES","LAS MERCEDES CALLE SAN JOSE FRENTE A LA PREFECTURA CASA DE GOBIERNO MANUEL ASCANIO."),
("22193","11","CABRUTA","LAS MERCEDES","0","CABRUTA","CABRUTA SECTOR ASTILLERO SEDE DEL M.A.T."),
("22194","11","ORTIZ","ORTIZ","0","CAPITAL ORTIZ","CALLE SUCRE CASA DE LA CULTURA FRENTE A PLAZA BOLIVAR."),
("22195","11","GUAITOCO","ORTIZ","0","SAN FRANCISCO DE TIZNADO","SEDE DEL INDER OFICINAS DE LA EMPRESA SOCIALISTA DE RIEGO DEL RIO TIZNADO."),
("22196","11","GUARIBE","SAN JOSE DE GUARIBE","0","SAN JOSE DE GUARIBE","FRENTE A PLAZA BOLIVAR SEDE DE LA ALCALDIA AL LADO DE OFIC. DE ADMINISTRACION."),
("22197","11","EL SOMBRERO","JULIAN MELLADO","0","CAPITAL EL SOMBRERO","CARRTERA NAC. VIA VALLE LA PASCUA COMPLEJO AGROINDUSTRIAL SOCIALISTA EL SOMBRERO. (DPTO.DE SILOS Y LINEA AMARILLA)."),
("22198","11","SAN JUAN DE LOS MORROS","JUAN GERMAN ROSCIO","0","CAPITAL SAN JUAN DE LOS MORROS","AV. FERMIN TORO EDIF STA. MARIA SEDE DEL M.A.T."),
("22199","11","SANTA MARIA","SANTA MARIA DE IPIRE","0","CAPITAL SANTA MARIA DE IPIRE","CALLE MATA NEGRA SECTOR MATA NEGRA PARQUE FERIAL."),
("22200","11","TUCUPIDO","JOSE FELIX RIBAS","0","CAPITAL TUCUPIDO","CARRETERA NAC. TUCUPIDOVIA ZARAZA CASA DEL GANADERO FRENTE MANGA DE COLEO.");
INSERT INTO sedes VALUES
("22201","11","ZARAZA","PEDRO ZARAZA","0","CAPITAL ZARAZA","CALLE CONCORDIA CON AYACUCHO EDIF. ARIA SEDE DEL M.A.T."),
("22202","11","CAMAGUAN","CAMAGUAN","0","CAPITAL CAMAGUAN","AV. JUAN VICENTE TORREALBA SECTOR TOQUITO. SEDE DE ASOC. DE GANADEROS."),
("22203","11","GUAYABAL","SAN GERONIMO DE GUAYABAL","0","CAPITAL SAN GERONIMO DE GUAYABAL","CALLE SAN GERONIMO CRUCE CON LOS PERICOCOS CASA DEL FRENTE CAMPESINO EZEQUIEL ZAMORA."),
("22204","12","MANZANITA","SIMON PLANAS","0","BURIA","MANZANITA SECTOR 1 OFICINA MAT"),
("22205","12","SARARE","SIMON PLANAS","0","SARARE","AV. MIRANDA CON CALLE EL MAMON SEDE M.A.T."),
("22206","12","CARORA","TORRES","0","TRINIDAD SAMUEL","CARRETERA LARA ZULIA AV. 14 DE FEBRERO FINAL ZONA INDUSTRIAL AGROPATRIA CARORA"),
("22207","12","UAPSS CROCAS HUMOCARO ALTO","MORAN","0","HUMOCARO ALTO","UBICACION"),
("22208","12","UAPSS JABON HUMOCARO ALTO","MORAN","0","HUMOCARO ALTO","UBICACION"),
("22209","12","SALA SITUACIONAL INSAI CARACAS","IRIBARREN","0","JUAN DE VILLEGAS","PARQUE CRISTAL CARACAS"),
("22210","12","GUARICO","MORAN","0","GUARICO","UBICACION"),
("22211","12","BOBARE","IRIBARREN","0","AGUEDO FELIPE ALVARADO","CARRERA 1 ESQUINA CALLE 8 FRENTE A LA CASA DE LA CULTURA"),
("22212","12","SANTA INES","URDANETA","0","MOROTURO","AV. PRINCIPAL LARA FALCON OFICINA MAT"),
("22213","12","PARADERO","TORRES","0","HERIBERTO ARROYO","CALLE LA FERIA UNION DE PEQUENOS Y MEDIANOS PRODUCTORES DEL PARADERO"),
("22214","12","QUEBRADA ARRIBA","TORRES","0","EL BLANCO","ENTRADA PRINCIPAL CALLE JUAN PABLO SEGUNDO OFICINA MAT"),
("22215","12","PALMARITO","TORRES","0","MONTANA VERDE","CARRETERA LARA ZULIA KM 82 GAFATURA CIVIL"),
("22216","12","RIO TOCUYO","TORRES","0","CAMACARO","CALLE SALUCIANO CRESPO AL FRENTE DE LA PLAZA BOLIVAR"),
("22217","12","CENTRO DE GUIADO SANARE","ANDRES ELOY BLANCO","0","PIO TAMAYO","AV. BOLIVAR CALLE ALIANZA DIAGONAL AL CANTV"),
("22218","12","SIQUISIQUE","URDANETA","0","SIQUISIQUE","FINAL AV. COMERCIO BARRIO ITALIA AL LADO DE LA BOMBA EL AGUILA AGROPATRIA 2 SIQUISIQUE"),
("22219","13","CANAGUA","ARZOBISPO CHACON","0","CAPITAL ARZOBISPO CHACON","MAS ARRIBA DEL LICEO DE CANAGUA CALLE PRINCIPAL"),
("22220","13","EL VIGIA","ALBERTO ADRIANI","0","PRESIDENTE BETANCOURT","BARRIO SAN ISIDRO CALLE PRINCIPAL DETRAS DE COORPOLET EDIFICIO MPTT"),
("22221","13","PUEBLO LLANO","PUEBLO LLANO","0","PUEBLO LLANO","SIN DIRECCION"),
("22222","13","MUCUTUY","ARZOBISPO CHACON","0","MUCUTUY","CALLE PRINCIPAL FRENTE DE LA PLAZA BOLIVAR"),
("22223","13","BAILADORES","RIVAS DAVILA","0","CAPITAL RIVAS DAVILA","URB LAS DELICIAS SECTOR ASPROANDES"),
("22224","13","SANTA CRUZ DE MORA","ANTONIO PINTO SALINAS","0","CAPITAL ANTONIO PINTO SALINAS","DIAGONAL A LA AVE PERIMENTAL EDICIFIO PACA PRIMER PISO"),
("22225","13","EL LLANO","TOVAR","0","EL LLANO","CALLE COLISEO DE TOVAR"),
("22226","13","ARICAGUA","ARICAGUA","0","CAPITAL ARICAGUA","CALLE BOLIVAR OFICINA DEL PREFECTURA"),
("22227","13","ZEA","ZEA","0","CAPITAL ZEA","FINAL CARRERA 5 SECTOR PATA DE GALLINA"),
("22228","13","GUARAQUE","GUARAQUE","0","CAPITAL GUARAQUE","SECTOR LAS ESQUINA CALLE PRICIPAL CASA SIN N"),
("22229","13","SAN JUAN","SUCRE","0","SAN JUAN","SAN JUAN ESTANQUILLO BAJO CUATRO ESQUINA"),
("22230","13","LA TOMA","RANGEL","0","LA TOMA","CARRETERA NACIONAL EDIFICION AGROPATRIA LA TOMA"),
("22231","13","TABAY","SANTOS MARQUINA","0","-","MAS ARIIBA DEL CDI DE SA RAFAEL"),
("22232","13","SANTA ELENA DE ARENALES","OBISPO RAMOS DE L","0","CAPITAL OBISPO RAMOS DE LORA","CAPAZON SECTOR IAN SEDE AGROPATRIA"),
("22233","13","TUCANI","CARACCIOLO PARRA","0","CAPITAL CARACCIOLO PARRA OLMEDO","ENTRADA A SANTA MARIA FRENTE AL TERMINAL DE PASAJEROS A 50 MTRS DE TRANSITO OFICINA MAT"),
("22234","14","CUA","URDANETA","0","CUA","CALLE MONSENOR PELLIN SECTOR CRUZ VERDE EDIF. MPPAT"),
("22235","14","MARICHES","SUCRE","0","FILA DE MARICHES","KM. 15 VALLE FRESCO FILAS DE MARICHES"),
("22236","15","CENTRO DE GUIADO MUNICIPIO LIBERTADOR.","LIBERTADOR","0","CAPITAL LIBERTADOR","MANGA 1 CALLE CHAGUARAMAS AL LADO DEL CUIDADO DIARIO JAUNA LA AVANZADORA ANTIGUA OFINA DEL MAT."),
("22237","15","CENTRO DE GUIADO MUNICIPIO EZEQUIEL ZAMORA PUNTA DE MATA.","EZEQUIEL ZAMORA","0","CAPITAL EZEQUIEL ZAMORA","CALLE AYACUCHO SEDE MUNICIPAL DEL MINISTERIO DEL AMBIENTE PARQUE LAS GARZAS. SN"),
("22238","15","CENTRO DE GUIADO SAN ANTONIO MUNICIPIO ACOSTA","ACOSTA","0","CAPITAL ACOSTA","MUNICIPIO ACOSTA AV. RICAURTE EDIFICIO SEDE CAFICULTORES CEMUDECAACOSTA"),
("22239","15","CENTRO DE GUIADO MUNICIPIO URACOA.","URACOA","0","URACOA","CENTRO DE URACOA CALLE ARISMENDI"),
("22240","15","CENTRO DE GUIADO MUNICIPIO SOTILLO.","SOTILLO","0","CAPITAL SOTILLO","AV. ROMULO BENTANCOURT. PARQUE FERIAL DE EXPOSICION TEODORO MARTINEZ ESTEVEZ"),
("22241","15","CENTRO DE GUIADO MUNICIPIO AGUASAY.","AGUASAY","0","AGUASAY","PARROQUIA AGUASAY. AL LADO DEL REGISTRO CIVIL. OFICINAS DE LAS INSTALACIONES DE LA ALCALDIA."),
("22242","15","CENTRO DE GUIADO MUNICIPIO CEDENO.","CEDENO","0","CAPITAL CEDENO","AV. BERMUDEZ500 MTS DE LA REDOMA LOS INDIOS. SEDE MUNICIPAL DEL MAT."),
("22243","16","OFICINA DE LA SOCIO BIOREGION","ARISMENDI","0","LA ASUNCION","CALLE CAZORLA EDIF. MPPATINSAI"),
("22244","17","PAPELON","PAPELON","0","CAPITAL PAPELON","SALIDA A GUAYABAL SECTOR LA TERRAZA CASA SN A 50 MTS DE LA MANGA DE COLEO"),
("22245","17","SAN GENARO DE BOCONOITO","SAN GENARO DE BOCONOITO","0","CAPITAL SAN GENARO DE BOCONOITO","50MTS DESPUES DEL PUENTE CASA DE LOS ABUELOS CASERIO SAN NICOLAS BARRIO EL CEMENTERIO DIAGONAL A LA ENTRADA DEL CEMENTERIO SAN GENARO"),
("22246","17","SUCRE","SUCRE","0","CAPITAL SUCRE","AV. LEONARDO RUIZ DIAGONAL HOSPITAL TIPO 1"),
("22247","17","UNDA","MONSENOR JOSE VICENTE DE UNDA","0","CAPITAL MONSJOSE VICENTE DE UNDA","AV. SUCRE ENTRE CALLE CORDOBA Y COROMOTO EDIF. COOPERPARAISO"),
("22248","18","INSAI GUIRIA","VALDEZ","0","GUIRIA","OFICINA DEL UEMPPAT"),
("22249","18","INSAI IRAPA","MARINO","0","IRAPA","ASOCIACION DE GANADERO"),
("22250","18","INSAI YAGUARAPARO","CAJIGAL","0","YAGUARAPARO","CEDE DE LA UEMPPAT"),
("22251","18","GUIGUE","VALDEZ","0","GUIRIA","AV.PRINCIPAL EDIF. ORLANDO PISO 1 AREA DE DESARROLLO AGRICOLA DE LA ALCALDIA DEL MUNICIPIO CARLOS AL LADO DEL SPNNA."),
("22252","18","INSAI CARIACO","RIBERO","0","VILLA FRONTADO (MUELLE DE CARIACO)","SISTEMA DE RIEGO DE CARIACO"),
("22253","18","INSAI CARUPANO","BERMUDEZ","0","MACARAPANA","EDIFICIO DE LA UEMPPAT"),
("22254","19","COLONCITO","PANAMERICANO","0","PANAMERICANO","KM 70 VIA PANAMERICANA AL LADO DE AGANAPA"),
("22255","19","INSAI","SAN CRISTOBAL","0","LA CONCORDIA","AV ROTARIA CALLE TEOTIMOS FRENTE AL LICEO VICENTE AVILA"),
("22256","19","INSAI","CORDOBA","0","SANTA ANA","URB.ANTONIO JOSE DE SUCRE CRRA 4 CALLE 1415 EDIFICIO MAT"),
("22257","19","INSAI","JAUREGUI","0","JAUREGUI","AV PRINCIPAL LA QUINTA SECTOR LA RESTAURADORA EDIF INSAI LABORATORIO"),
("22258","19","INSAI","URIBANTE","0","URIBANTE","CARRA 3 Y 4 DIAGONAL AL TERMINAL SEDE MINISTERIO DEL AMBIENTE"),
("22259","19","INSAI","JUNIN","0","JUNIN","URB.SUR AV.7 CON CALLE 7 FRENTE A LA UBV SEDE MAT"),
("22260","19","INSAI","AYACUCHO","0","AYACUCHO","EDIF RENTA DE LA ALCALDIA CALLE 8 CRRA 10 Y 11 N 1029"),
("22261","19","INSAI","LOBATERA","0","LOBATERA","CRRA 9 VEREDA 6 FRENTE A LA PLAZA ANDRES BELLO SEDE MAT"),
("22262","19","INSAI","LIBERTAD","0","LIBERTAD","FRENTE A LA PLAZA LOS PROCERES AL LADO DEL GRUPO LIBERTAD SEDE MAT"),
("22263","19","INSAI","RAFAEL URDANETA","0","DELICIAS","CALLE 1 CON CARRA 2 SEDE MAT"),
("22264","19","INSAI","JOSE MARIA VARGAS","0","EL COBRE","CRRA VIEJA TRASANDINA SEDE AGROPATRIA"),
("22265","19","INSAI","URIBANTE","0","URIBANTE","SECTOR LA CENTRAL SEDE AGROPATRIA COMUNAL"),
("22266","19","LA TENDIDA","SAMUEL DARIO MALDONADO","0","SAMUEL DARIO MALDONADO","AV 1 PABLO FELIPE MENDEZ AL LADO DE LA ALCALDIA"),
("22267","19","LA FRIA","GARCIA DE HEVIA","0","GARCIA DE HEVIA","ENTRE CARRERA 2 Y CARRETERA PANAMERICANA DIAGONAL A LA PASARELA AL LADO DE LA PREFECTURA"),
("22268","19","CAJA SECA","CORDOBA","0","SANTA ANA","PARQUE FERIAL MAOLO CARLOS REYES CARRETERA PANAMERICANA OFICINA MAT"),
("22269","19","INSAI SUCRE","SUCRE","0","SUCRE","CRRA 10 CON CALLE 2 Y 3 FRENTE AL PARQUE SUCRE SEDE MAT"),
("22270","19","ADUANA PRINCIPAL SEDE INSAI","BOLIVAR","0","BOLIVAR","ADUANA PRINCIPAL SUBALTERNA DE GN ANTES DEL PUENTE DE COLOMBIA FRANSISCO DE PADUA SANTANDER SEDE INSAI"),
("22271","19","LA GRITA","JAUREGUI","0","JAUREGUI","VIA PRINCIPAL LA GRITA LA CUARTA"),
("22272","19","EL COBRE","JOSE MARIA VARGAS","0","EL COBRE","CALLE BOLIVAR CON CARRERA 4 Y 5 EL CUARTEL FRENTE A LA PLAZA BOLIVAR"),
("22273","20","SANTA ISABEL","ANDRES BELLO","0","SANTA ISABEL","OFICINA MUNICIPAL DE LA MAT"),
("22274","20","SABANA DE MENDOZA","SUCRE","0","SABANA DE MENDOZA","SABANA DE MENDOZA FRENTE AL TERMINAL DE PASAJEROS OFICINA MAT"),
("22275","20","COLEGIO DE MEDICOS VETERINARIOS DEL ESTADO TRUJILLO","VALERA","0","MENDOZA","SEDE DEL COLEGIO"),
("22276","20","AGROPATRIA CARACHE","CARACHE","0","CARACHE","AGROPATRIA CARACHE SECTOR LA PLAYITA"),
("22277","22","AROA","BOLIVAR","0","AROA","AROA"),
("22278","20","CENTRO DE GUIADO OFICINA BOCONO","BOCONO","0","BOCONO","CARRETERA PRINCIPAL BOCONO"),
("22279","20","CENTRO DE GUIADO OFICINA MONAY","PAMPAN","0","LA PAZ","RECTA MONAY"),
("22280","0","JEFATURA CIVIL DE CARAYACA","VARGAS","0","CARAYACA","CALLE PRINCIPAL DE CARAYACA AL LADO DE LA PLAZA BOLIVAR"),
("22281","0","JEFATURA CIVIL DE EL JUNKO","VARGAS","0","EL JUNKO","CALLE PRINCIPAL DEL JUNKO KM23"),
("22282","0","EL TREBOL","VARGAS","0","CARLOS SOUBLETTE","AV. CARLOS SOBLETTE PROLONG. 10 DE MARZO SECTOR EL TREBOL LA GUAIRA."),
("22283","0","LOCAL COMUNAL","VARGAS","0","MAIQUETIA","CAMINO LOS ESPANOLES VIA LOS DOS CAMINOS. CERCA DEL FORTIN."),
("22284","0","LOCAL COMUNAL","VARGAS","0","CARAYACA","LAS LAPAS VIA PUERTO CRUZ PORTACHUELO"),
("22285","22","COLEGIO DE MEDICOS VETERINARIOS DEL ESTADO YARACUY","SAN FELIPE","0","CAPITAL SAN FELIPE","SEDE DEL COLEGIO"),
("22286","22","URACHICHE","URACHICHE","0","URACHICHE","CARRERA 2 CON CALLE 9 URACHICHE"),
("22287","22","VEROES","VEROES","0","EL GUAYABO","CARRETERA SAN FELIPE MORON SECTOR EL GUAYABO"),
("22288","22","COLEGIO DE MEDICOS VETERINARIOS DE LARA - CARORA","SAN FELIPE","0","CAPITAL SAN FELIPE","SECCIONAL DEL COLEGIO"),
("22289","22","LA CERO","MANUEL MONGE","0","YUMARE","YUMARE"),
("22290","22","SUCRE","SUCRE","0","GUAMA","GUAMA"),
("22291","22","BRUZUAL","BRUZUAL","0","CAPITAL BRUZUAL","CHIVACOA"),
("22292","22","CENTRO DE GUIADO MUNICIPIO BOLIVAR YARACUY","BOLIVAR","0","AROA","SECTOR CAJA DE TEJA"),
("22293","22","PAEZ","JOSE ANTONIO PAEZ","0","SABANA DE PARRA","SABANA DE PARRA"),
("22294","22","PENA","PENA","0","CAPITAL PENA","FRENTE A LA PLAZA BOLIVAR CASADE LA CULTURA"),
("22295","22","NIRGUA","NIRGUA","0","CAPITAL NIRGUA","NIRGUA"),
("22296","23","SANTA BARBARA","COLON","0","SANTA BARBARA","KM 3 CRRT. SNT BARB. VIGIA SEDE AGROPATRIA"),
("22297","23","SANTA RITA","SANTA RITA","0","JOSE CENOVIO URRIBARRI","AV.PEDRO LUCAS URRIBARRI MATADERO FISCA"),
("22298","23","BACHAQUERO","VALMORE RODRIGUEZ","0","RAFAEL URDANETA","AV. VALMORE RODRIGUEZ CON AV. BOLIVAR N 26 CAMPO JUNIN"),
("22299","23","LA VILLA","ROSARIO DE PERIJA","0","EL ROSARIO","LA VILLA AV.PPAL. LA VILLAMACHIQUES SEDE MPPAT"),
("22300","23","MECOCAL","MIRANDA","0","ANA MARIA CAMPOS","EL MECOCAL CALLE PPAL. SEDE ASOCIACION DE GANADERO: AGANORLA");
INSERT INTO sedes VALUES
("22301","23","LA SIERRITA","MARA","0","LA SIERRITA","CALLE PPAL. SEDE MPPAT LADO CDI DIAG. PLAZA BOLIVAR"),
("22302","23","MACHIQUES","MACHIQUES DE PERIJA","0","LIBERTAD","SEDE AGROPATRIA INSTALACIONES DE LACTEOS LOS ANDES ANTIGUA PARMALAC"),
("22303","23","BURRO NEGRO","LAGUNILLAS","0","CAMPO LARA","EDF.GUARDIA NACIONAL"),
("22304","23","KM.52 CARRETERA A PERIJA","LA CANADA DE URDANETA","0","ANDRES BELLO","KM.52 VIA PERIJA C.V.A.LACTEO U.P.S.RAFAEL URDANETA"),
("22305","23","EL CARMELO","LA CANADA DE URDANETA","0","EL CARMELO","AV.PPAL.EL CARMELO APROADU"),
("22306","23","LA PAZ","JESUS ENRIQUE LOSSADA","0","JOSE RAMON YEPES","LA PAZ AV.PPAL. PUNTO DE REFERENCIA RESTAURANT CARU"),
("22307","23","CABIMAS","CABIMAS","0","AMBROSIO","URBANIZACION LAS 40 CALLE CHILE SEDE DE AGEL"),
("22308","23","MARACAIBO","SAN FRANCISCO","0","FRANCISCO OCHOA","KM.1 12 VIA PERIJA EDF.MPPAT"),
("22309","23","EL VENADO","BARALT","0","MANUEL GUANIPA MATOS","AV.PPAL LARAZULIA PREFECTURA MUNICIPAL"),
("22310","23","MENE GRANDE","BARALT","0","LIBERTADOR","VIA SAN PEDRO INSTALACIONES DE UNER SEDE DE AGROPATRIA AL LADO DE PETROQUIRIRQUIRI."),
("22311","23","PARAGUAIPOA","PAEZ","0","GUAJIRA","PARAGUIPOA AV.PPAL. DIAG.EJERCITO SEDE MPPAT"),
("22312","23","EL CONSEJO","MIRANDA","0","SAN ANTONIO","EL CONSEJO CALLE PPAL. CASA DE LA CULTURA"),
("22313","23","FRISMARA","MARA","0","RICAURTE","KM.27 VIA EL MOJAN MATADERO FRISMARA"),
("22314","23","ENCONTRADOS","CATATUMBO","0","ENCONTRADOS","VIRGEN DEL CARMEN C.C. MAISANTA"),
("22315","23","EL GUAYABO","CATATUMBO","0","UDON PEREZ","AV. PRINCIPAL AL LADO DEL CEMENTERIO"),
("22316","23","CASIGUA","JESUS MARIA SEMPRUN","0","JESUS MARIA SEMPRUN","CALLE BOLIVAR BULEVARD AL LADO DE LA POLICIA REGIONAL"),
("22317","23","EL CARACOLI","COLON","0","MORALITO","CENTRO DE ACOPIO EL CARACOLI"),
("22318","23","SANTA CRUZ DEL ZULIA","COLON","0","SANTA CRUZ DEL ZULIA","ENTRADA PRINCIPAL FRENTE AL MATADERO FRISULCA"),
("22319","23","EL CRUCE","JESUS MARIA SEMPRUN","0","BARI","AV. CAMPO ROSARIO JUNTA PARROQUIAL BARI");




CREATE TABLE `solicitudes` (
  `id_solicitud` varchar(12) NOT NULL,
  `id_emisor` int(10) NOT NULL,
  `ci_solicitada` int(8) NOT NULL,
  `fecha` datetime NOT NULL,
  `apr_estado` varchar(1) NOT NULL,
  `tipo` tinyint(4) NOT NULL,
  UNIQUE KEY `id_solicitud` (`id_solicitud`),
  KEY `ci` (`ci_solicitada`),
  KEY `ci_2` (`id_emisor`),
  CONSTRAINT `solicitudes_ibfk_3` FOREIGN KEY (`id_emisor`) REFERENCES `registro` (`id_usuario`) ON DELETE CASCADE ON UPDATE CASCADE
) ENGINE=InnoDB DEFAULT CHARSET=utf8mb4 COLLATE=utf8mb4_general_ci;


INSERT INTO solicitudes VALUES
("12938340","29","30192544","2023-09-16 20:08:01","1","0"),
("14143067","29","29837187","2023-09-20 16:41:39","1","1"),
("18314424","29","29837187","2023-09-18 21:29:32","2","3"),
("19431181","29","29837187","2023-09-18 19:09:35","2","3"),
("19478663","29","29837187","2023-09-11 13:21:47","2","1"),
("22609527","29","29837187","2023-09-24 08:52:26","2","1"),
("24100535","29","30197049","2023-09-15 18:13:01","2","0"),
("28986715","29","30197105","2023-09-23 18:19:35","1","0"),
("30487144","29","30197109","2023-09-23 18:07:57","1","0"),
("31235561","29","29837187","2023-09-24 09:46:54","1","1"),
("32099699","29","29837187","2023-09-23 18:15:24","1","1"),
("32273041","29","29837187","2023-09-17 22:17:41","2","3"),
("32637986","29","29837187","2023-09-24 12:39:42","1","2"),
("33992895","33","30197049","2023-09-19 12:41:19","2","1"),
("34680367","29","29837188","2023-09-16 20:10:49","1","0"),
("35548099","29","29837187","2023-09-18 21:26:50","2","3"),
("35700410","29","30197049","2023-09-11 13:25:00","2","1"),
("36301680","29","29837187","2023-09-24 12:40:06","1","3"),
("37709662","29","29837183","2023-09-24 09:20:27","1","0"),
("38020738","29","29837187","2023-09-18 18:02:53","2","3"),
("38881756","29","29837187","2023-09-17 16:28:08","2","3"),
("44471679","29","29837187","2023-09-18 20:52:29","1","1"),
("44716342","29","29837187","2023-09-20 14:52:30","2","1"),
("44983230","33","30197049","2023-09-19 12:31:51","2","1"),
("46940254","29","30197049","2023-09-11 13:26:02","1","1"),
("47443542","29","8515979","2023-09-16 20:00:20","1","0"),
("47577456","29","29837187","2023-09-18 21:36:24","2","3"),
("48899509","29","29837187","2023-09-20 14:55:05","2","3"),
("51659852","29","29837187","2023-09-18 21:36:01","2","3"),
("51801969","29","29837187","2023-09-24 12:47:50","1","2"),
("51846668","29","30197049","2023-09-15 13:17:36","1","1"),
("52669244","29","29837187","2023-09-23 18:18:07","1","1"),
("52704723","29","29837187","2023-09-18 21:27:01","2","3"),
("54742713","29","8515972","2023-09-20 20:23:09","1","1"),
("55336282","29","8515972","2023-09-20 20:20:28","1","0"),
("56888599","29","29837187","2023-09-18 21:35:47","2","3"),
("57822686","29","29837187","2023-09-15 18:13:45","2","1"),
("62391918","29","29837187","2023-09-24 08:44:29","2","1"),
("63241689","29","29837187","2023-09-23 13:09:57","2","1"),
("67476658","29","29837187","2023-09-24 12:49:16","1","3"),
("70285371","33","30197049","2023-09-15 14:04:47","2","1"),
("72230780","29","30196664","2023-09-24 09:07:47","1","0"),
("72710165","29","29837187","2023-09-18 22:25:18","2","3"),
("75755839","29","29837187","2023-09-18 21:26:10","2","3"),
("80598999","29","29837187","2023-09-24 12:45:59","1","3"),
("81132779","29","12345678","2023-09-23 17:47:14","1","0"),
("81298591","33","30197049","2023-09-19 12:26:43","2","1"),
("81509361","29","30197049","2023-09-19 18:11:04","2","1"),
("82970682","29","29837187","2023-09-18 18:02:49","2","3"),
("83984965","29","30197108","2023-09-16 19:39:32","1","0"),
("86275683","29","29837187","2023-09-11 21:08:14","2","0"),
("88059966","33","30197049","2023-09-19 12:29:29","2","3"),
("88857217","29","29837187","2023-09-23 13:00:34","2","3"),
("94736048","29","29837187","2023-09-23 13:06:27","1","1"),
("94836394","29","29837187","2023-09-24 12:16:55","1","3"),
("96937409","33","30197049","2023-09-17 22:03:36","2","3"),
("97608947","29","30197109","2023-09-24 08:44:06","2","1"),
("98638278","29","29837187","2023-09-11 21:13:45","1","1"),
("99965160","33","30197049","2023-09-19 12:28:01","2","1");




CREATE TABLE `solicitudes_archivos_precarga` (
  `id_solicitud_archivo_pre` varchar(20) NOT NULL,
  `ci_arch_pre` int(8) NOT NULL,
  `d_archivo_pre` varchar(200) NOT NULL,
  `nombre_archivo_pre` varchar(200) NOT NULL,
  `nota_pre` varchar(30) NOT NULL,
  `size_pre` varchar(10) NOT NULL,
  `tipo_pre` varchar(4) NOT NULL,
  PRIMARY KEY (`id_solicitud_archivo_pre`),
  KEY `ci_arch` (`ci_arch_pre`),
  CONSTRAINT `solicitudes_archivos_precarga_ibfk_1` FOREIGN KEY (`id_solicitud_archivo_pre`) REFERENCES `solicitudes` (`id_solicitud`) ON DELETE CASCADE ON UPDATE CASCADE
) ENGINE=InnoDB DEFAULT CHARSET=utf8mb4 COLLATE=utf8mb4_general_ci;


INSERT INTO solicitudes_archivos_precarga VALUES
("32637986","29837187","../data/delete/32637986==2023-04-23 09.22.55 www.jose-aguilar.com 00023a27d4a9.jpg","2023-04-23 09.22.55 www.jose-aguilar.com 00023a27d4a9.jpg","","24565","1001"),
("51801969","29837187","../data/delete/51801969==2023-08-15 03.39.26 www.cvwizard.es a85f4ea4383e.png","2023-08-15 03.39.26 www.cvwizard.es a85f4ea4383e.png","","148312","1003");




CREATE TABLE `solicitudes_eliminacion_arch` (
  `id_solicitud_eliminacion` varchar(20) NOT NULL,
  `id_archivo_eliminar` varchar(20) NOT NULL,
  PRIMARY KEY (`id_solicitud_eliminacion`),
  CONSTRAINT `solicitudes_eliminacion_arch_ibfk_1` FOREIGN KEY (`id_solicitud_eliminacion`) REFERENCES `solicitudes` (`id_solicitud`) ON DELETE CASCADE ON UPDATE CASCADE
) ENGINE=InnoDB DEFAULT CHARSET=utf8mb4 COLLATE=utf8mb4_general_ci;


INSERT INTO solicitudes_eliminacion_arch VALUES
("18314424","53147537"),
("19431181","53147537"),
("32273041","53147537"),
("35548099","53147537"),
("36301680","32637986"),
("38020738","53147537"),
("38881756","17959688"),
("47577456","53147537"),
("48899509","17959688"),
("51659852","53147537"),
("52704723","53147537"),
("56888599","53147537"),
("67476658","51801969"),
("72710165","53147537"),
("75755839","53147537"),
("80598999","32637986"),
("82970682","53147537"),
("88059966","28523330"),
("88857217","17959688"),
("94836394","41316512"),
("96937409","28523330");




CREATE TABLE `solicitudes_password_recovery` (
  `id_solicitud_pass` varchar(12) NOT NULL,
  `recoverpass` varchar(50) NOT NULL,
  PRIMARY KEY (`id_solicitud_pass`),
  CONSTRAINT `solicitudes_password_recovery_ibfk_1` FOREIGN KEY (`id_solicitud_pass`) REFERENCES `solicitudes` (`id_solicitud`) ON DELETE CASCADE ON UPDATE CASCADE
) ENGINE=InnoDB DEFAULT CHARSET=utf8mb4 COLLATE=utf8mb4_general_ci;






CREATE TABLE `solicitudes_precarga` (
  `id_solicitud_precarga` varchar(20) NOT NULL,
  `ci_pre` int(8) NOT NULL,
  `nombre_pre` varchar(30) NOT NULL,
  `apelido_pre` varchar(30) NOT NULL,
  `grado_ac_pre` varchar(30) NOT NULL,
  `fecha_nac_pre` date NOT NULL,
  `sexo_pre` varchar(10) NOT NULL,
  `id_estado_pre` int(2) NOT NULL,
  `id_ciudad_pre` int(3) NOT NULL,
  `id_sede_pre` int(5) NOT NULL,
  `direccion_pre` varchar(200) NOT NULL,
  `email_pre` varchar(50) NOT NULL,
  `telefono_pre` varchar(12) NOT NULL,
  `cargo_pre` int(2) NOT NULL,
  PRIMARY KEY (`id_solicitud_precarga`),
  CONSTRAINT `solicitudes_precarga_ibfk_1` FOREIGN KEY (`id_solicitud_precarga`) REFERENCES `solicitudes` (`id_solicitud`) ON DELETE CASCADE ON UPDATE CASCADE
) ENGINE=InnoDB DEFAULT CHARSET=utf8mb4 COLLATE=utf8mb4_general_ci;


INSERT INTO solicitudes_precarga VALUES
("12938340","30192544","BARBARA","VILLEGAS","TIKTOKER ","2002-10-10","FEMENINO","4","66","22109","CARIONTE","DIORASUMOZA02@GMAIL.COM","04128819241","0"),
("14143067","29837187","EIKER ALEJANDRO RODRIGUEZ","RODRIGUEZ","04128819241   ","2002-08-02","MASCULINO","4","64","223","CALLE MARQUEZ DEL TORO, BARRIO LAS FLORES, CASA #8","RODRIGUEZEIKER08@GMAIL.COM","04128819241","2"),
("19478663","29837187","EIKER ALEJANDRO RODRIGUEZ","RODRIGUEZ","04128819241 ","2002-08-02","MASCULINO","4","64","223","CALLE MARQUEZ DEL TORO, BARRIO LAS FLORES, CASA #8","RODRIGUEZEIKER08@GMAIL.COM","04128819241","1"),
("22609527","29837187","EIKER ALEJANDRO","RODRIGUEZ","04128819241      ","2002-08-02","MASCULINO","4","64","223","CALLE MARQUEZ DEL TORO, BARRIO LAS FLORES, CASA #8","RODRIGUEZEIKER08@GMAIL.COM","04128819241","2"),
("24100535","30197849","MARIA","CORINA","BACHILLER ","2023-09-11","FEMENINO","2","23","2271","CARRA","GELISLASSIG@GMAIL.COM","01246578997","0"),
("28986715","30197105","MERCEDES","PERES","BACHILLER ","2023-09-07","FEMENINO","2","16","2275","CALLE MARQUEZ DEL TORO, BARRIO LAS FLORES, CASA #82","MERCADOMARILU23@GMAIL.COM","04128819241","2"),
("30487144","30197109","VICTOR","CASTILLO","BACHILLER ","2023-09-07","MASCULINO","7","106","2215","CALLE MARQUEZ DEL TORO, BARRIO LAS FLORES, CASA #82","DIORASUMOZA02@GMAIL.COM","04128819241","2"),
("31235561","29837187","EIKER ALEJANDRO","RODRIGUEZ","04128819241      ","2002-08-02","MASCULINO","4","64","223","CALLE MARQUEZ DEL TORO, BARRIO LAS FLORES, CASA #8","RODRIGUEZEIKER08@GMAIL.COM","04128819241","2"),
("32099699","29837187","EIKER ALEJANDRO","RODRIGUEZ","04128819241     ","2002-08-02","NO ESPECIF","4","64","223","CALLE MARQUEZ DEL TORO, BARRIO LAS FLORES, CASA #8","RODRIGUEZEIKER08@GMAIL.COM","04128819241","2"),
("33992895","30197049","EMILI ANAIS ","TORRES NOMELOSE","04128855455  ","2023-06-08","","4","64","223","GIRARDOT ","MERCADOMARILU23@GMAIL.COM","04128855455","0"),
("34680367","29837188","ANTONIO","SUMOZA","BACHILLER ","2023-09-06","MASCULINO","7","113","2215","CALLE MARQUEZ DEL TORO, BARRIO LAS FLORES, CASA #82","DIORASUMOZA02@GMAIL.COM","04128819241","0"),
("35700410","30197049","EMILI ANAIS ","TORRES NOMELOSE","04128855455 ","2023-06-08","FEMENINO","4","64","223","GIRARDOT "," ","04128855455","1"),
("37709662","29837183","MARIN","CASTILLO","BACHILLER ","2023-09-22","MASCULINO","7","120","2215","CALLE MARQUEZ DEL TORO, BARRIO LAS FLORES, CASA #82","GELISLASSIG@GMAIL.COM","04128819241","4"),
("44471679","29837187","EIKER ALEJANDRO RODRIGUEZ","RODRIGUEZ","04128819241  ","2002-08-02","","4","64","223","CALLE MARQUEZ DEL TORO, BARRIO LAS FLORES, CASA #8","RODRIGUEZEIKER08@GMAIL.COM","04128819241","2"),
("44716342","29837187","EIKER ALEJANDRO RODRIGUEZ","RODRIGUEZ","04128819241   ","2002-08-02","","4","64","223","CALLE MARQUEZ DEL TORO, BARRIO LAS FLORES, CASA #8","RODRIGUEZEIKER08@GMAIL.COM","04128819241","0"),
("44983230","30197049","EMILI ANAIS ","TORRES NOMELOSE","04128855455  ","2023-06-08","","4","64","223","GIRARDOT ","MERCADOMARILU23@GMAIL.COM","04128855455","0"),
("46940254","30197049","EMILI ANAIS ","TORRES NOMELOSE","BACHILLER ","2023-06-08","","4","64","223","GIRARDOT ","MERCADOMARILU23@GMAIL.COM","04128855455","0"),
("47443542","8515979","HANZO","HAZASHI","NINJA ","1984-06-16","MASCULINO","7","117","2216","CALK","GELISLASSIG@GMAIL.COM","59865656565","0"),
("51846668","30197049","EMILI ANAIS ","TORRES NOMELOSE","04128855455 ","2023-06-08","FEMENINO","4","64","223","GIRARDOT ","MERCADOMARILU23@GMAIL.COM","04128855455","1"),
("52669244","29837187","EIKER ALEJANDRO","RODRIGUEZ","04128819241     ","2002-08-02","FEMENINO","4","64","223","CALLE MARQUEZ DEL TORO, BARRIO LAS FLORES, CASA #8","RODRIGUEZEIKER08@GMAIL.COM","04128819241","2"),
("54742713","8515972","DIORA RAMONA","SUMOZA","BACHILLER  ","1964-02-06","FEMENINO","7","124","2214","CALLE MARQUEZ DEL TORO, BARRIO LAS FLORES, CASA #8","YORGELISRODRIGUEZ19@HOTMAIL.COM","04128819241","3"),
("55336282","8515972","DIORA RAMONA","SUMOZA","BACHILLER ","1964-02-06","FEMENINO","7","124","2216","CALLE MARQUEZ DEL TORO, BARRIO LAS FLORES, CASA #82","YORGELISRODRIGUEZ19@HOTMAIL.COM","04128819241","3"),
("57822686","29837187","EIKER ALEJANDRO RODRIGUEZ","RODRIGUEZ","04128819241  ","2002-08-02","MASCULINO","4","64","223","CALLE MARQUEZ DEL TORO, BARRIO LAS FLORES, CASA #8","RODRIGUEZEIKER08@GMAIL.COM","04128819241","1"),
("62391918","29837187","EIKER ALEJANDRO","RODRIGUEZ","04128819241      ","2002-08-02","FEMENINO","4","64","223","CALLE MARQUEZ DEL TORO, BARRIO LAS FLORES, CASA #8","RODRIGUEZEIKER08@GMAIL.COM","04128819241","2"),
("63241689","29837187","EIKER ALEJANDRO RODRIGUEZ","RODRIGUEZ","04128819241    ","2002-08-02","MASCULINO","4","54","223","CALLE MARQUEZ DEL TORO, BARRIO LAS FLORES, CASA #8","RODRIGUEZEIKER08@GMAIL.COM","04128819241","2"),
("70285371","30197049","EMILI ANAIS ","TORRES NOMELOSE","BACHILLER ","2023-06-08","FEMENINO","4","64","223","GIRARDOT ","MERCADOMARILU23@GMAIL.COM","04128855455","1"),
("72230780","30196664","MARIO","BARRIOS","NINJA ","2023-09-28","MASCULINO","10","152","22182","MARQUEZ DEL TORO, BARRIO LAS FLORES, CASA #82","YORGELISRODRIGUEZ19@HOTMAIL.COM","04128819241","4"),
("81132779","12345678","M&AACUTE;A&EACUTE;&IACUTE;O&UA","MERC","BACHILLER ","2023-09-09","FEMENINO","7","123","2214","CALLE MARQUEZ DEL TORO, BARRIO LAS FLORES, CASA #82","YORGELISRODRIGUEZ19@HOTMAIL.COM","04128819241","1"),
("81298591","30197049","EMILI ANAIS ","TORRES NOMELOSE","04128855455  ","2023-06-08","MASCULINO","4","64","223","GIRARDOT ","MERCADOMARILU23@GMAIL.COM","04128855455","0"),
("81509361","30197049","EMILI ANAIS ","TORRES NOMELOSE","04128855455  ","2023-06-08","FEMENINO","4","64","223","GIRARDOT ","MERCADOMARILU23@GMAIL.COM","04128855455","3"),
("83984965","30197108","MARIA CORINA","SMITH","BACHILLER ","2023-09-19","FEMENINO","14","272","2232","CARIONTE","YORGELISRODRIGUEZ19@HOTMAIL.COM","04123564445","0"),
("86275683","29837187","EIKER ALEJANDRO RODRIGUEZ","RODRIGUEZ","BACHILLER ","2002-08-02","MASCULINO","4","64","223","CALLE MARQUEZ DEL TORO, BARRIO LAS FLORES, CASA #8","RODRIGUEZEIKER08@GMAIL.COM","04128819241","1"),
("94736048","29837187","EIKER ALEJANDRO","RODRIGUEZ","04128819241    ","2002-08-02","MASCULINO","4","64","223","CALLE MARQUEZ DEL TORO, BARRIO LAS FLORES, CASA #8","RODRIGUEZEIKER08@GMAIL.COM","04128819241","2"),
("97608947","30197109","VICTOR","CASTILLO","BACHILLER  ","2023-09-07","FEMENINO","7","106","2215","CALLE MARQUEZ DEL TORO, BARRIO LAS FLORES, CASA #8","DIORASUMOZA02@GMAIL.COM","04128819241","2"),
("98638278","29837187","EIKER ALEJANDRO RODRIGUEZ","RODRIGUEZ","04128819241 ","2002-08-02","","4","64","223","CALLE MARQUEZ DEL TORO, BARRIO LAS FLORES, CASA #8","RODRIGUEZEIKER08@GMAIL.COM","04128819241","1"),
("99965160","30197049","EMILI ANAIS ","TORRES NOMELOSE","04128855455  ","2023-06-08","FEMENINO","4","64","223","GIRARDOT ","MERCADOMARILU23@GMAIL.COM","04128855455","0");




CREATE TABLE `tiposarch` (
  `id_tipo` int(11) NOT NULL AUTO_INCREMENT,
  `nombre_tipo_arch` varchar(255) NOT NULL,
  PRIMARY KEY (`id_tipo`)
) ENGINE=InnoDB AUTO_INCREMENT=1046 DEFAULT CHARSET=utf8mb4 COLLATE=utf8mb4_general_ci;


INSERT INTO tiposarch VALUES
("1001","Ofertas de servicio"),
("1002","Resumen curricular"),
("1003","C.I"),
("1004","Solvencia de I.S.R"),
("1005","Constancia de Naturalizaci&oacute;n"),
("1006","Declaracion Jurada de Patrimonio"),
("1007","Puntos de cuenta"),
("1008","FP-020"),
("1009","Evaluacion de requerimientos y resultados del concurso"),
("1010","Ascensos"),
("1011","Transferencias"),
("1012","Aumentos de sueldo"),
("1013","Resoluciones"),
("1014","Contratos"),
("1015","FP-023 Antecedentes de servicios"),
("1016","Gaceta oficial"),
("1017","Titulos"),
("1018","Comprobantes de cursos, talleres"),
("1019","Constancia de trabajo"),
("1020","Primas asignadas"),
("1021","Evalucaciones de eficiencia"),
("1022","Reconocimientos"),
("1023","Disfrute de vacaciones"),
("1024","Bonificaci&oacute;n por defunci&oacute;n"),
("1025","Bonificaci&oacute;n por matrimonio"),
("1026","Bonificaci&oacute;n por nacimiento"),
("1027","Bonificaci&oacute;n por estudiantes"),
("1028","Ayuda economicas"),
("1029","Poliza de cirugia,hospitalizacion y maternidad"),
("1030","Ley de programa alimentaci&oacute;n"),
("1031","Forma 14-02 I.V.S.S."),
("1032","Forma 14"),
("1033","Medico"),
("1034","Por matrimonio"),
("1035","Por defunci&oacute;n"),
("1036","Para estudiantes"),
("1037","Otros permisos"),
("1038","Amonestaciones"),
("1039","Providencia Administrativa"),
("1040","Sentencia"),
("1041","Procedimientos administrativos"),
("1042","Declaraci&oacute;n de carga familiar"),
("1043","Embargo de sueldo"),
("1044","Suspensi&oacute;n del embargo"),
("1045","Informes sociales");




/*!40101 SET CHARACTER_SET_CLIENT=@OLD_CHARACTER_SET_CLIENT */;
/*!40101 SET CHARACTER_SET_RESULTS=@OLD_CHARACTER_SET_RESULTS */;
/*!40101 SET COLLATION_CONNECTION=@OLD_COLLATION_CONNECTION */;